Credit: Sammi Husky,,,1,2,3,4,5,6,7,8,9,10,11,12,13,14,15,16,17,18,19,20,21,22,23,24,25,26,27,28,29,30,31,32,33,34,35,36,37,38,39,40,41,42,43,44,45,46,47,48,49,50,51,52,53,54,55,56,57,58,59,60,61,62,63,64,65,66,67,68,69,70,71,72,73,74,75,76,77,78,79,80,81,82,83,84,85,86,87,88,89,90,91,92,93,94,95,96,97,98,99,100,101,102,103,104,105,106,107,108,109,110,111,112,113,114,115,116,117,118,119,120,121,122,123,124,125,126,127,128,129,130,131,132,133,134,135,136,137,138,139,140,141,142,143,144,145,146,147,148,149,150,151,152,153,154,155,156,157,158,159,160,161,162,163,164,165,166,167,168,169,170,171,172,173,174,175,176,177,178,179,180,181,182,183,184,185,186,187,188,189,190,191,192,193,194,195,196,197,198,199,200,201,202,203,204,205,206,207,208,209,210,211,212,213,214,215,216,217,218,219,220,221,222,223,224,225,226,227,228,229,230,231,232,233,234,235,236,237,238,239,240,241,242,243,244,245,246,247,248,249,250,251,252,253,254,255,256,257,258,259,260,261,262,263,264,265,266,267,268,269,270,271,272,273,274,275,276,277,278,279,280,281,282,283,284,285,286,287,288,289,290,291,292,293,294,295,296,297,298,299,300,301,302,303,304,305,306,307,308,309,310,311,312,313,314,315,316,317,318,319,320,321,322,323,324,325,326,327,328,329,330,331,332,333,334,335,336,337,338,339,340,341,342,343,344,345,346,347,348,349,350,351,352,353
Variable ID,,,0x03000001,0x03000002,0x03000003,0x03000004,0x03000005,0x03000006,0x03000007,0x03000008,0x03000009,0x0300000a,0x0300000b,0x1300000c,0x0300000d,0x0300000e,0x0300000f,0x03000010,0x03000011,0x03000012,0x03000013,0x03000014,0x03000015,0x03000016,0x03000017,0x03000018,0x03000019,0x0300001a,0x0300001b,0x0300001c,0x0300001d,0x0300001e,0x0300001f,0x03000020,0x03000021,0x13000022,0x03000023,0x03000024,0x13000025,0x03000026,0x03000027,0x03000028,0x13000029,0x1300002a,0x0300002b,0x0300002c,0x0300002d,0x0300002e,0x1300002f,0x03000030,0x03000031,0x03000032,0x03000033,0x03000034,0x03000035,0x03000036,0x03000037,0x13000038,0x03000039,0x0300003a,0x0300003b,0x0300003c,0x0300003d,0x0300003e,0x0300003f,0x03000040,0x03000041,0x03000042,0x03000043,0x03000044,0x03000045,0x03000046,0x03000047,0x03000048,0x13000049,0x0300004a,0x0300004b,0x1300004c,0x1300004d,0x0300004e,0x0300004f,0x13000050,0x03000051,0x03000052,0x03000053,0x03000054,0x03000055,0x13000056,0x03000057,0x13000058,0x03000059,0x1300005a,0x1300005b,0x1300005c,0x1300005d,0x0300005e,0x1300005f,0x03000060,0x03000061,0x03000062,0x03000063,0x03000064,0x03000065,0x03000066,0x13000067,0x13000068,0x13000069,0x1300006a,0x0300006b,0x0300006c,0x1300006d,0x0300006e,0x0300006f,0x03000070,0x03000071,0x03000072,0x03000073,0x13000074,0x03000075,0x03000076,0x03000077,0x03000078,0x03000079,0x0300007a,0x0300007b,0x0300007c,0x0300007d,0x0300007e,0x1300007f,0x03000080,0x03000081,0x03000082,0x03000083,0x13000084,0x03000085,0x03000086,0x03000087,0x03000088,0x03000089,0x0300008a,0x0300008b,0x0300008c,0x0300008d,0x0300008e,0x0300008f,0x03000090,0x03000091,0x03000092,0x03000093,0x03000094,0x03000095,0x03000096,0x03000097,0x03000098,0x03000099,0x0300009a,0x0300009b,0x0300009c,0x0300009d,0x0300009e,0x0300009f,0x030000a0,0x130000a1,0x030000a2,0x030000a3,0x130000a4,0x130000a5,0x030000a6,0x030000a7,0x030000a8,0x130000a9,0x130000aa,0x030000ab,0x130000ac,0x030000ad,0x130000ae,0x130000af,0x130000b0,0x130000b1,0x130000b2,0x130000b3,0x130000b4,0x130000b5,0x130000b6,0x030000b7,0x030000b8,0x030000b9,0x030000ba,0x030000bb,0x030000bc,0x130000bd,0x030000be,0x030000bf,0x030000c0,0x030000c1,0x030000c2,0x030000c3,0x030000c4,0x030000c5,0x130000c6,0x030000c7,0x030000c8,0x030000c9,0x030000ca,0x130000cb,0x030000cc,0x030000cd,0x030000ce,0x030000cf,0x030000d0,0x030000d1,0x030000d2,0x030000d3,0x030000d4,0x030000d5,0x030000d6,0x030000d7,0x030000d8,0x030000d9,0x030000da,0x030000db,0x030000dc,0x030000dd,0x030000de,0x030000df,0x030000e0,0x030000e1,0x030000e2,0x030000e3,0x030000e4,0x030000e5,0x030000e6,0x030000e7,0x030000e8,0x030000e9,0x030000ea,0x030000eb,0x030000ec,0x030000ed,0x030000ee,0x030000ef,0x030000f0,0x030000f1,0x030000f2,0x030000f3,0x030000f4,0x030000f5,0x030000f6,0x030000f7,0x030000f8,0x030000f9,0x030000fa,0x030000fb,0x030000fc,0x030000fd,0x030000fe,0x030000ff,0x03000100,0x03000101,0x03000102,0x03000103,0x03000104,0x03000105,0x13000106,0x13000107,0x13000108,0x13000109,0x1300010a,0x1300010b,0x1300010c,0x1300010d,0x0300010e,0x0300010f,0x03000110,0x03000111,0x03000112,0x03000113,0x03000114,0x03000115,0x03000116,0x03000117,0x03000118,0x03000119,0x0300011a,0x1300011b,0x1300011c,0x1300011d,0x1300011e,0x1300011f,0x13000120,0x13000121,0x13000122,0x13000123,0x13000124,0x13000125,0x13000126,0x03000127,0x13000128,0x13000129,0x1300012a,0x0300012b,0x0300012c,0x0300012d,0x0300012e,0x0300012f,0x03000130,0x03000131,0x03000132,0x03000133,0x03000134,0x03000135,0x03000136,0x03000137,0x13000138,0x13000139,0x1300013a,0x0300013b,0x0300013c,0x0300013d,0x0300013e,0x0300013f,0x03000140,0x03000141,0x03000142,0x03000143,0x03000144,0x03000145,0x03000146,0x03000147,0x13000148,0x13000149,0x1300014a,0x1300014b,0x1300014c,0x1300014d,0x1300014e,0x1300014f,0x13000150,0x13000151,0x13000152,0x13000153,0x13000154,0x13000155,0x13000156,0x13000157,0x03000158,0x03000159,0x0300015a,0x0300015b,0x0300015c,0x0300015d,0x0300015e,0x0300015f,0x03000160,0x03000161
Character,CharID,CharID,"Walk Maximum
Additional
Acceleration","Base Walk
Acceleration",Walk Maximum Velocity,"Walk speed
threshold
to use WalkSlow?","Walk speed
threshold
to use WalkMiddle?","Walk speed
threshold
to use WalkFast?",Ground Friction,Dash Initial Velocity,"Run Maximum
Additional Accel","Base Run
Acceleration","Run Maximum
Velocity",Jump Startup Frames,"Added
H Airspeed from
Ground / 
Footstool Jump","Ground to Air
H Momentum
Multiplier","Jump H
Maximum
Velocity","Initial
H Airspeed
from Air Jump",Jump Heights,Hop Heights,Air Jump Heights,"Air Maximum
Additional
Acceleration","Base Air
Acceleration","Maximum
Horizontal
Air Speed","Horizontal
Air Friction",Gravity,"Maximum
Fall Speed",V acceleration,Fastfall Speed,Nair Landing Lag,Fair Landing Lag,Bair Landing Lag,Uair Landing Lag,Dair Landing Lag,Weight,Number of Jumps,"Max ground speed?
Used for Super Speed
JumpSquat","H Air
Speed Cap","Glide timer
(Unused)","Added Speed
Multiplier
for Moving
Platform",Soft Landing Lag,Hard Landing Lag,"Falling Frames
to Use Hard
Landing Lag","Airdodge
Autocancel
Frame","Turnaround
Acceleration
Multiplier","Character Size
Multiplier",Shield Size,"Shield Break
Heights",Unknown,"Tumble Hitbox
Size",GFX Size (Type 1),GFX Size (Type 2),,,,"Footstool
Jump Speed
Multiplier","Footstool
Hop Speed
Multiplier","Airborne Footstool
Endlag","Walk Maximum
Additional
Acceleration
with Heavy Items","Base Walk
Acceleration
with Heavy Items","Walk Maximum
Velocity
with Heavy Items","Item Toss
Speed Multiplier","Item Toss
Damage Multiplier","Projectile
Weapon Use
Walk Add. Accel","Projectile
Weapon Use
Base Walk Accel","Projectile
Weapon Use
Max Walk Speed","Projectile
Weapon Use
F Dash Speed","Projectile
Weapon Use
B Dash Speed","Ledge Jump
H Velocity","Ledge Jump
Height",,"Wall Jump
H Velocity","Wall Jump
V Velocity","Maximum
H Velocity while
Holding Shield",Hitstun related?,Unknown,Unknown,"Odds of
Secondary
KO Scream","RunBrake
(script_753)",Speed related,Turn > Dash?,"Frames during
TurnRun
to reverse
facing direction","Frame where
the attack button
stops being read
for Jab2","Frame where
the attack button
stops being read
for Jab3","Frame where
the attack button
stops being read
for F-tilt2","Frame where
the attack button
stops being read
for F-tilt3","Frame where
the attack button
stops being read
for F-smash2","Required Attack
Button Inputs
for Rapid Jabs","Lower = less
Higher = more
pushback","Max # of Hitbox
Connects not to
Receive Pushback
(Jabs)","Simillar to
Name87?","Max # of Hitbox
Connects not to
Receive Pushback
(Dtilt)","F-smash
Charge Frames","U-smash
Charge Frames","D-smash
Charge Frames",,,"Victory screen
model multiplier?",,"Respawn
Platform Size
(Multiplier)",,,Y offset related?,offset?,Rebound duration,Skin Type,,"GFX Type 1
Attached Bone ID",X offset,Y offset,"GFX Type 2
Attached Bone ID",X offset,Y offset,Added in 1.1.3,Tag Height,Unknown,"Minimum
H Speed
for Wall Jump","Bitfield of
Weight-Based
Throw",Unknown,"Camera Size
Front","Camera Size
Back","Camera Size
Top","Camera Size
Bottom","Unknown
(Same as Name117)","Zoom Camera
Size Front","Zoom Camera
Size Back","Zoom Camera
Size Top","Zoom Camera
Size Bottom","Camera
focused Bone?
(NeckN/HeadN)",X offset?,Y offset?,Mult?,,Bone(?),X offset?,Y offset?,Z offset?,"Magnifying Glass
Shrink Ratio?",(Added in 1.0.4),,,,,,"Grounded
Item Grab-box
X Offset","Grounded
Item Grab-box
Y Offset","Grounded
Item Grab-box
Width","Grounded
Item Grab-box
Height","Aerial
Item Grab-box
X Offset","Aerial
Item Grab-box
Y Offset","Aerial
Item Grab-box
Width","Aerial
Item Grab-box
Height",,,,,"Swim
V Acceleration","Swim
V Max Speed","Swim
H Acceleration","Swim
H Max Speed","Swim
H Friction","Drown
Gravity
Multiplier",,"Ladder
Climbing Speed","Ladder
Descending Speed","Bone
(LHandN)","Bone
(RHandN)",,,,,"Metal Box
Stepping
SFX Pitch",,,Added in 1.0.6,Added in 1.0.6,Added in 1.0.6,Added in 1.0.6,Added in 1.0.6,Added in 1.0.6,Added in 1.0.6,,"Buried
Animation Type",,,,Ice Damage GFX size,,,"Star Size
Multiplier
from Inhales","Amount of
Damage from
Inhales","Egg Size
Multiplier
of Egg Lay",,"Unknown
=Name190*5.244",,,"Unknown
=Name192*1.16667",,"Unknown
(Same as Name192)",,,,,,"Instance KO GFX
Bone ID",,"Instance KO
GFX X offset","Instance KO
GFX Y offset","Instance KO
GFX Z offset",,,,,,,,,Item related,,"Damage Dealt
Multiplier","Damage Dealt
Multiplier","Damage Dealt
Multiplier","Damage Dealt
Multiplier","Damage Dealt
Multiplier","Damage Dealt
Multiplier","Smash Charge
Damage Multiplier","Smash Charge
Speed Multiplier","Damage Dealt
Multiplier","Damage Dealt
Multiplier","Damage Dealt
Multiplier","Damage Dealt
Multiplier","Damage Dealt
Multiplier","Attack Ratio
Refers to
Damage Dealt","Attack Ratio
Refers to
Damage Dealt",,"Healing Multiplier
(For Items)","Healing Multiplier
(Food Only)","Battering Items
Damage Dealt
Multiplier","Items
Damage Dealt
Multiplier",,,,"Grab Duration
Multiplier",,"Damage Dealt
Multiplier",,"Damage Taken
Multiplier","Frames between
Shield Degen
while Shield Is On","Shield Regen
Speed Multiplier","Base Shield
Stun Multiplier","Power Shield
Window Multiplier","Dodge Intangible
Duration Multiplier","Ledgegrab
Range Multiplier","Ledgehung
Duration
Multiplier","Respawn
Invincible
Duration
Multiplier","Status Duration
Multiplier","Final Smash
Drop Probability
Multiplier","Homerun Bat
smash swing
Set Frame Duration","Firing Items
Ammo multiplier","Item Throw
Power Speed
Mul","Speed Crasher
equipment hitbox
X offset","Speed Crasher
equipment hitbox
Y offset","Speed Crasher
equipment hitbox
Z offset",Jab Type,# of Jab,Has Rapid Jab,# of Ftilt,# of F-Smash,# of D-Smash,Jump Type,Has Glide,"WalkSlow
animation frame
threshold1
to use WalkFallL","WalkSlow
animation frame
threshold2
to use WalkFallL","WalkMiddle
animation frame
threshold1
to use WalkFallL","WalkMiddle
animation frame
threshold2
to use WalkFallL","WalkFast
animation frame
threshold1
to use WalkFallL","WalkFast
animation frame
threshold2
to use WalkFallL","Run animation
frame threshold1
to use RunFallL
or RunBrakeL","Run animation
frame threshold2
to use RunFallL
or RunBrakeL","Run animation
frame threshold3
to use RunFallL
or RunBrakeL","Run animation
frame threshold4
to use RunFallL
or RunBrakeL","HeavyWait
animation frame
lower threshold","HeavyWalk
animation
start frame","HeavyWait
animation frame
higher threshold",Has Crawl,Has DA > Crouch?,Has Wall Jump,Has Wall Cling,Has Tether,Thrown Type,Model Mirroring,Throw?,Grabbed Type,,,Aerial release?,,"Bone
(BustN/NeckN)",RHand/LHandN,RHand/LHandN,,Screen KO?,Added in 1.0.6,KO related,Star KO,Star KO,KO related,KO related,,,,,,Bone(HipN),Bone(HeadN),,,,,,,,,,,,,,,328-343 : Costume colours for Find Mii stage,,,,,,,,,,,,,,,,"Jump Height
Multiplier","Hop Height
Multiplier","Air Jump Height
Multiplier",Jump Mutiplier,Jump Mutiplier,Jump Mutiplier,,"Footstool Jump
Height Multiplier","Footstool Hop
Height Multiplier",
Mii Brawler,0,0x0,0.1,0.1,1.15,0.2,0.5,0.75,0.045,1.6,0.0998,0.04,1.72,0x5,0.95,0.8,1.3,0.9,35,17,35.5,0.058,0.01,1.2,0.015,0.1,1.7,0.015,2.72,10,14,14,14,18,100,0x2,10,2.5,0x0,0.045,1,3,0x7,0x23,0.3,1,9.5,44.1,0x2,3.325,1.1,1.8,0.5,0,0,1.3,0.7,0x22,0.076923,0.03,1.046,1,1,0.08,0.08,1.15,1.28,1.024,0.6,37.5,0.5,1.3,2.1,1.3,0x14,0.2,0.8,0x6,0x1e,3,1,0x1,30,0,0,0,0,0x6,35,0x5,45,0x3,0x3c,0x3c,0x3c,1,0x1,1.2,23,1.05,1.1,1.5,11,15,0x10,0x0,0x0,0x2,0,-2,0x2,0,-5,5,5.2,1,0.2,0xf,7,22,-9,10.5,-7,7,9,-9,8.5,-7,0x13,-2,0,0.75,19,0xc,0,-2.1,2,7.4,0,1,7,6,2,2,4.186047,7.5,18,15,3.375,8,13.5,14,0.7,0.2,0,19,0.08,1,0.05,0.6,0.01,0.3,0x10,1.4,1.8,0x11,0x17,10,6,3,0x3c,0x1,30,0x1,0,0x0,0x1,0x0,0x0,0x0,0x0,0x1,0x0,0x2,2,0,8.5,0.9,1,2.76,0xf,1.38,0,7.23672,0,0,8.44284,0,7.23672,0x3,0,0,0,9.5,0xc,1,0,0,0,1,1,1,1,1,1,1,1,1,1,1,1,1,1,1,1,1,1,1,1,1,1,1,1,1,1,1,1,1,1,1,1,1,1,1,1,1,1,1,1,1,1,1,1,1,1,1,1,1,1,1,0,9,4,0x1,0x2,0x1,0x1,0x1,0x1,0x1,0x0,45,15,38,18,27,13,18,8,0,0,4,16,20,0x0,0x0,0x1,0x0,0x0,0x0,0x1,0x0,0x0,0x1,0x1,0x0,0.9,0x12,0xf,0x15,0,5,-1,0,30,150,1,-1,1,0.57,1,6.234,12.468,0x3,0x13,0x0,1,1,1,1,1,1,1,1,1,1,1,1,1,0x0,0x5,0x2,0x4,0x1,0x6,0x8,0xb,0x8,0x9,0xa,0xb,0xc,0xd,0xe,0xf,0,0,0,0,1,1,0,0,0,0
Mii Swordfighter,1,0x1,0.2,0.1,1.188,0.2,0.5,0.75,0.064,1.3,0.1197,0.04,1.5,0x7,0.95,0.8,1.2,1,28.3,15,28.3,0.04,0.01,0.96,0.0038,0.096,1.6,0.0038,2.56,15,14,15,16,30,100,0x2,10,2.5,0x0,0.0114,1,4,0x4,0x23,0.3,1,9.5,31.059187,0x2,3.325,1.05,1.8,0.5,0,0,1.3,0.7,0x24,0.076923,0.03,1.04752,1,1,0.16,0.08,1.188,1.04,0.832,0.6,34.15,0.5,1.3,2.6,1.3,0x14,0.2,0.8,0x6,0x1e,3,1,0x1,35,35,0,0,0,0x0,35,0x5,45,0x3,0x3c,0x3c,0x3c,1,0x1,1.28,21,1.05,1.05,1.5,11,15,0x10,0x0,0x0,0x2,0,-2,0x2,0,-5,5,5.2,1,0.2,0xf,7,22,-9,10.5,-7,7,9,-9,8.5,-7,0x13,-2,0,0.75,19,0xd,-1,-2,1,6.5,0,1,7,6,2,2,4.186047,6.5,18,13,3.625,7.5,14.5,15,0.3,0.1,0,17,0.08,1,0.05,0.6,0.01,0.3,0x10,1.4,1.8,0x11,0x17,10,6,3,0x3c,0x1,20,0x1,0,0x0,0x1,0x0,0x0,0x0,0x0,0x1,0x1,0x2,2,0,8.5,0.860781,1,2.76,0xf,1.38,0,7.23672,0,0,8.44284,0,7.23672,0x3,0,0,0,8.5,0xc,1,0,0,0,1,1,1,1,1,1,1,1,1,1,1,1,1,1,1,1,1,1,1,1,1,1,1,1,1,1,1,1,1,1,1,1,1,1,1,1,1,1,1,1,1,1,1,1,1,1,1,1,1,1,1,0,10,4,0x2,0x3,0x0,0x1,0x1,0x1,0x1,0x0,54,22,29,8,20,4,6,19,0,0,4,16,20,0x0,0x0,0x0,0x0,0x0,0x0,0x0,0x0,0x0,0x1,0x1,0x0,0.9,0x12,0xf,0x15,0,5,-1,0,30,150,1,-2,1,0.57,1,6.234,12.468,0x3,0x13,0x0,1,0.9,1.1,1.8,0.9,1.1,1.8,0.8,1,1.7,0.8,1,1.7,0x0,0x5,0x2,0x4,0x1,0x6,0x8,0xb,0x8,0x9,0xa,0xb,0xc,0xd,0xe,0xf,0,0,0,0,1,1,0,0,0,0
Mii Gunner,2,0x2,0.1,0.1,1.05,0.2,0.5,0.75,0.045,1.6,0.0998,0.04,1.3,0x6,0.95,0.8,1.3,0.9,32,17.539339,33.500343,0.07,0.01,1.05,0.01,0.08715,1.45,0.015,2.32,18,12,18,22,28,100,0x2,10,2.5,0x0,0.03,1,3,0x7,0x23,0.3,1,9.5,40.668427,0x2,3.325,1.1,1.8,0.5,0,0,1.3,0.7,0x26,0.076923,0.03,1.042,1,1,0.08,0.08,1.05,1.28,1.024,0.6,36,0.5,1.3,2.1,1.3,0x14,0.2,0.8,0x6,0x1e,3,1,0x1,30,35,0,0,0,0x0,35,0x5,45,0x3,0x3c,0x3c,0x3c,1,0x1,1.2,23,1.05,1.1,1.5,11,15,0x10,0x0,0x0,0x2,0,-2,0x2,0,-5,5,5.2,1,0.2,0x8,7,22,-9,10.5,-7,7,9,-9,8.5,-7,0x13,-2,0,0.75,19,0xc,0,-2.1,2,7.4,0,1,7,6,2,2,4.186047,7.5,18,15,3.375,8,13.5,14,0,0.3,0,19,0.08,1,0.05,0.6,0.01,0.3,0x10,1.4,1.8,0x11,0x17,10,6,3,0x3c,0x1,30,0x1,0.5,0x0,0x1,0x0,0x0,0x0,0x0,0x1,0x0,0x2,2,0,8.5,0.9,1,2.76,0xf,1.38,0,7.23672,0,0,8.44284,0,7.23672,0x3,0,0,0,9.5,0xc,1,0,0,0,1,1,1,1,1,1,1,1,1,1,1,1,1,1,1,1,1,1,1,1,1,1,1,1,1,1,1,1,1,1,1,1,1,1,1,1,1,1,1,1,1,1,1,1,1,1,1,1,1,1,1,0,10,4,0x1,0x3,0x0,0x1,0x1,0x1,0x1,0x0,58,28,38,12,26,7,8,23,0,0,4,16,20,0x0,0x0,0x1,0x0,0x0,0x0,0x0,0x0,0x0,0x1,0x1,0x0,0.9,0x12,0xf,0x15,0,5,-1,0,30,150,1,-2,1,0.57,1,6.234,12.468,0x3,0x13,0x0,1,1,1.9,1,1,1.4,1,1,1.7,1,1,1.7,1,0x0,0x5,0x2,0x4,0x1,0x6,0x8,0xb,0x8,0x9,0xa,0xb,0xc,0xd,0xe,0xf,0,0,0,0,1,1,0,0,0,0
Mario,3,0x3,0.1,0.1,1.1,0.2,0.5,0.75,0.045,1.6,0.0998,0.04,1.6,0x5,0.95,0.8,1.3,0.9,36.331814,17.539339,36.331814,0.07,0.01,1.15,0.015,0.08715,1.5,0.015,2.4,10,26,12,12,19,98,0x2,10,2.5,0x0,0.045,1,3,0x4,0x23,0.3,1,9.24,44.1,0x2,3.234,0.95,1.8,0.5,0,0,1.3,0.7,0x25,0.075385,0,1.024,0.993333,1,0.08,0.08,1.1,1.28,1.024,0.6,38.165905,0.5,1.3,2.3,1.3,0x14,0.2,0.7,0x6,0x1e,3,1,0x1,24,24,0,0,0,0x0,35,0x5,45,0x3,0x3c,0x3c,0x3c,1,0x1,1.45,18,0.95,0.95,1.5,12,15,0x10,0x0,0x0,0x2,0,0,0x2,0,-5,3,5.7,1,0.2,0x0,7,22,-9,10.5,-7,7,9,-9,8.5,-7,0x13,0,0,0.75,16,0xd,1,0,1,6,0,1,7,6,2,2,3.72093,6,16,12,3,6.5,12,13,0.2,0.2,0,14,0.08,1,0.05,0.6,0.01,0.3,0x10,1.4,1.8,0x11,0x17,10,6,3,0x3c,0x1,30,0x1,0.5,0x0,0x1,0x0,0x0,0x0,0x0,0x1,0x0,0x2,1,1.2,8.2,0.9,1,2.44,0xf,1.22,0,5.65592,0,0,6.598573,0,5.65592,0x3,0,0,0,7,0xc,1,0,0,0,1,1,1,1,1,1,1,1,1,1,1,1,1,1,1,1,1,1,1,1,1,1,1,1,1,1,1,1,1,1,1,1,1,1,1,1,1,1,1,1,1,1,1,1,1,1,1,1,1,1,1,0,9,5,0x1,0x3,0x0,0x1,0x1,0x1,0x1,0x0,52,18,32,12,21,8,18,7,0,0,4,14,18,0x0,0x0,0x1,0x0,0x0,0x0,0x1,0x0,0x1,0x0,0x1,0x0,0.9,0x12,0xf,0x15,1.5,1,-1,0,30,150,0,-1.5,1,0.72,1,6.234,12.47,0x3,0x13,0x0,1,2,0.8,0.35,2,0.8,0.35,3,0.7,0.2,3,0.7,0.25,0x0,0xa,0x6,0x2,0xb,0x4,0x0,0x8,0x6,0x9,0xa,0xb,0xc,0xd,0xe,0xf,0,0,0,0,1,1,0,0,0,0
Donkey Kong,4,0x4,0.1,0.1,1.3,0.2,0.5,0.75,0.0529,1.6,0.0667,0.04,1.7031,0x6,0.95,0.8,1.6,1,34,17.297209,35.5,0.05,0.01,1.15,0.015,0.08505,1.63,0.015,2.608,17,29,18,25,24,122,0x2,10,2.5,0x0,0.045,1,4,0x4,0x23,0.3,1,12.9,43.487122,0x3,4.515,1.6,4.2,2,0,0,1.3,0.7,0x23,0.093846,0.03,1.272,1.073333,1,0.08,0.08,1.3,1.28,1.024,0.6,37,0.5,1.3,2.7,1.3,0x14,0.2,0.8,0x6,0x1e,3,1,0x1,28,0,0,0,0,0x0,35,0x5,45,0x3,0x3c,0x3c,0x3c,1.3,0x1,1.1,23,1.8,2,1.5,24,28,0x10,0x0,0x0,0x2,0,-3,0x2,0,-5,5,8.5,1,0.2,0x0,10,22,-10,15,-10,10,10,-10,13,-10,0x13,0,2,0.75,25,0xd,0,0,0,9.5,-1.5,1,8,6,4,2,4.883721,7,21,14,4.5,8.5,18,17,-0.1,0.8,0,19,0.08,1,0.05,0.6,0.01,0.3,0x10,1.4,1.8,0x11,0x17,10,6,3,0x3c,0x2,30,0x3,0.3,0x0,0x1,0x0,0x0,0x0,0x0,0x1,0x2,0x2,1.5,0,14.8,0.9,1,3.3,0x12,1.65,0,10.3455,0,0,12.06975,0,10.3455,0x3,0,0,0,9.5,0xd,1,0,0,0,1,1,1,1,1,1,1,1,1,1,1,1,1,1,1,1,1,1,1,1,1,1,1,1,1,1,1,1,1,1,1,1,1,1,1,1,1,1,1,1,1,1,1,1,1,1,1,1,1,1,1,0,12,9,0x2,0x2,0x0,0x1,0x1,0x1,0x1,0x0,38,12,10,22,18,5,27,9,0,0,0,0,0,0x0,0x0,0x0,0x0,0x0,0x2,0x0,0x0,0x0,0x1,0x0,0x0,0.01,0xd,-0x1,-0x1,-2,5,-1.5,0,60,120,32,1,1,0.52,1,6.234,17,0x3,0x13,0xc,0.1,1,1,1,1,1,1,1,1,1,1,1,1,0x9,0xb,0x0,0x8,0x4,0xa,0x2,0x7,0x8,0x9,0xa,0xb,0xc,0xd,0xe,0xf,0,0,0,0,1,1,0,0,0,0
Link,5,0x5,0.2,0.1,1.188,0.2,0.5,0.75,0.064,1.3,0.1197,0.04,1.3944,0x7,0.95,0.8,1.2,1,27.8,13.380496,29,0.04,0.01,0.88,0.0038,0.096,1.6,0.0038,3.04,10,12,10,23,32,104,0x2,10,2.5,0x0,0.0114,1,4,0x4,0x23,0.3,1,9.8,31.059187,0x2,3.43,1.05,1.8,1,0,0,1.3,0.7,0x24,0.08,0.03,1.08752,1.013333,1,0.16,0.08,1.188,1.04,0.832,0.6,33.9,0.5,1.3,2.6,1.3,0x14,0.2,0.8,0x6,0x1e,3,1,0x1,35,35,0,0,40,0x0,35,0x5,45,0x3,0x3c,0x3c,0x3c,1,0x1,1.28,21,1.05,1.05,1.5,11,15,0x10,0x0,0x0,0x2,0,-5,0x2,0,-5,3,5.8,1,0.2,0x7,8.5,22,-9,12.75,-8.5,8.5,9,-9,10.75,-8.5,0x13,-2,0,0.75,19,0xd,-1,-2,1,6.5,0,1,6,6,2,2,4.186047,6.5,18,13,3.625,7.5,14.5,15,0.2,0,0,17,0.08,1,0.05,0.6,0.01,0.3,0x10,1.4,1.8,0x11,0x17,10,6,3,0x3c,0x1,20,0x1,0,0x0,0x1,0x0,0x0,0x0,0x0,0x1,0x1,0x2,0,1.5,7.8,0.860781,1,2.68,0x10,1.34,0,6.82328,0,0,7.960494,0,6.82328,0x3,0,0,0,8.5,0xc,1,0,0,0,1,1,1,1,1,1,1,1,1,1,1,1,1,1,1,1,1,1,1,1,1,1,1,1,1,1,1,1,1,1,1,1,1,1,1,1,1,1,1,1,1,1,1,1,1,1,1,1,1,1,1,0,11,3,0x2,0x3,0x0,0x1,0x2,0x1,0x1,0x0,4,38,3,23,2,18,35,13,0,0,5,17,22,0x0,0x0,0x0,0x0,0x1,0x0,0x0,0x0,0x0,0x1,0x1,0x0,0.01,0x12,0xf,0x15,0,5,-1,0,30,150,2.5,2.5,1,0.33,1,7,14,0x3,0x13,0x0,1,1,1,1,1,1,1,1,1,1,1,1,1,0x4,0x0,0x5,0x8,0x2,0xb,0xa,0xb,0x8,0x9,0xa,0xb,0xc,0xd,0xe,0xf,0,0,0,0,1,1,0,0,0,0
Samus,6,0x6,0.3,0.1,1.0615,0.2,0.5,0.75,0.0585,1.86,0.12,0.04,1.504,0x4,0.95,0.8,1.3,0.9,37,18,37,0.05,0.04,1.03,0.0075,0.077,1.3,0.0075,2.08,16,24,18,12,20,108,0x2,10,2.5,0x0,0.0225,1,3,0x7,0x23,0.3,1,11.1,44.899666,0x2,3.885,1.1,1.2,0.7,0,0,1.3,0.7,0x28,0.083077,0.03,1.12246,1.026667,1,0.24,0.08,1.0615,1.488,1.1904,0.6,38.5,0.5,1.3,2.1,1.3,0x14,0.2,0.8,0x6,0x1e,3,1,0x1,30,0,0,0,0,0x0,35,0x5,45,0x3,0x3c,0x3c,0x3c,1,0x1,1.2,23,1.1,1.1,1.5,14,18,0x10,0x1,0x0,0x2,0,0,0x2,0,-15,7,5.7,1,0.2,0x8,9.5,22,-9,14.25,-9.5,9.5,9,-9,12.25,-9.5,0x13,-2,0,0.75,22,0xc,0,-2.1,2,7.4,0,1,7,6,2,2,4.186047,7.5,18,15,3.375,8,13.5,14,0,-0.1,0,19,0.08,1,0.05,0.6,0.01,0.3,0x10,1.4,1.8,0x11,0x17,10,6,3,0x3c,0x1,30,0x1,0.5,0x0,0x1,0x0,0x0,0x0,0x0,0x1,0x0,0x2,2,1,9.8,0.9,1,2.76,0x10,1.38,0,7.23672,0,0,8.44284,0,7.23672,0x3,0,0,0,9.5,0xc,1,0,0,0,1,1,1,1,1,1,1,1,1,1,1,1,1,1,1,1,1,1,1,1,1,1,1,1,1,1,1,1,1,1,1,1,1,1,1,1,1,1,1,1,1,1,1,1,1,1,1,1,1,1,1,0,12.5,3,0x1,0x2,0x0,0x1,0x1,0x1,0x1,0x0,58,28,38,12,26,7,11,30,49,67,5,18,23,0x0,0x0,0x1,0x0,0x1,0x0,0x0,0x0,0x0,0x1,0x1,0x0,0.01,0xd,-0x1,-0x1,0,5,-1,0,30,150,8,-6,1,0.3,1,8,16,0x3,0x13,0x0,1,0.4,1.5,0.55,0.5,1.5,0.55,0.6,1.4,0.65,0.6,1.4,0.65,0x1,0x6,0x7,0x9,0x8,0x4,0xa,0xb,0x8,0x9,0xa,0xb,0xc,0xd,0xe,0xf,0,0,0,0,1,1,0,0,0,0
Yoshi,7,0x7,0.16,0.1,1.15,0.2,0.5,0.75,0.0426,1.33,0.096,0.04,1.86,0x6,0.91,0.7,1.5,1.2,36.094189,17.434723,51.56,0.068,0.03,1.28,0.005,0.08,1.29,0.00975,2.064,11,17,19,14,28,104,0x2,10,2.5,0x0,0.015,1,3,0x7,0x23,0.3,0.94,7.2,43.80624,0x2,2.52,1.1,2,0.8,0,0,1.3,0.7,0x28,0.08,0.03,1.086,1.013333,1,0.128,0.08,1.15,1.064,0.8512,0.6,38.047096,0.5,1.3,2.3,1.3,0x14,0.2,0.8,0x6,0x1e,3,1,0x1,30,0,0,0,0,0x0,35,0x5,50,0x3,0x3c,0x3c,0x3c,1,0x1,1.2,20,1.2,1.1,1.8,12,17,0x10,0x0,0x0,0x2,0,-2,0x2,0,-5,4,6.5,0.93,0.2,0x0,9,22,-9,13.5,-9,9,9,-9,11.5,-9,0x13,0,4,0.75,20.5,0xd,0,1.2,0.5,6.8,-1.2,1,7,6,2,4,4.418605,6,19,12,4.25,7,17,14,0.15,0.4,0,16,0.08,1,0.05,0.6,0.01,0.3,0x10,1.4,1.8,0x11,0x17,10,6,3,0x3c,0x1,40,0x1,0.5,0x0,0x0,0x0,0x0,0x0,0x0,0x1,0x2,0x2,3,0,8.5,0.9,1,2.8,0x10,1.4,0,7.448,0,0,8.689333,0,7.448,0x3,0,0,0,8,0xd,1,0,0,0,1,1,1,1,1,1,1,1,1,1,1,1,1,1,1,1,1,1,1,1,1,1,1,1,1,1,1,1,1,1,1,1,1,1,1,1,1,1,1,1,1,1,1,1,1,1,1,1,1,1,1,0,8,6,0x2,0x2,0x0,0x1,0x1,0x1,0x1,0x0,30,5,12,1,10,1,6,14,0,0,5,16,20,0x1,0x0,0x0,0x0,0x0,0x0,0x0,0x0,0x1,0x1,0x1,0x1,0.8,0x12,0xf,0x15,-2,2,-1,0,30,150,9,-3.5,1,0.6,1,6.234,12.468,0x3,0x13,0x0,1,1,1,1,1,1,1,1,1,1,1,1,1,0x3,0x0,0x5,0x2,0x7,0x6,0x8,0xb,0x8,0x9,0xa,0xb,0xc,0xd,0xe,0xf,0,0,0,0,1,1,0,0,0,0
Kirby,8,0x8,0.16,0.1,0.93,0.2,0.5,0.75,0.0493,1.5,0.0954,0.04,1.57,0x4,0.85,0.8,1.3,0,25.368114,12.241816,22,0.065,0.03,0.8,0.015,0.06405,1.23,0.015,1.968,10,13,17,12,17,79,0x6,10,2.5,0x0,0.045,1,3,0x4,0x23,0.3,0.96,8.4,28.716846,0x1,2.94,0.85,0,0.3,0,0,1.3,0.7,0x29,0.060769,0,0.8272,0.93,1,0.128,0.08,0.93,1.2,0.96,0.6,32.684059,0.5,1.3,2,1.3,0x14,0.2,0.8,0x6,0x1e,3,1,0x1,30,0,0,0,0,0x5,35,0x5,45,0x3,0x3c,0x3c,0x3c,0.8,0x1,1.3,17,1,0.85,1.8,12,14,0x10,0x0,0x0,0x1,0,3,0x2,0,0,2,3.5,0.9,0.2,0xf,6,22,-9,9,-6,6,9,-9,7,-6,0x13,-2,2,1,15.5,0xd,0,0,0,4.8,-1.8,1,6,7,2,2,3.72093,5,16,10,3.5,6,14,12,0,0,0,9,0.08,1,0.05,0.6,0.01,0.3,0x10,1.4,1.8,0x11,0x17,6,6,3,0x3c,0x0,35,0x0,0,0x0,0x1,0x0,0x0,0x0,0x0,0x1,0x0,0x2,1.8,-0.2,7,0.866624,1,2.1,0xc,1.05,0,4.1895,0,0,4.88775,0,4.1895,0x3,0,0,0,4.5,0xd,1,0,0,0,1,1,1,1,1,1,1,1,1,1,1,1,1,1,1,1,1,1,1,1,1,1,1,1,1,1,1,1,1,1,1,1,1,1,1,1,1,1,1,1,1,1,1,1,1,1,1,1,1,1,1,0,7,2.5,0x1,0x2,0x1,0x1,0x1,0x1,0x2,0x0,39,35,36,12,24,9,15,5,0,0,7,15,23,0x0,0x0,0x0,0x0,0x0,0x1,0x1,0x0,0x1,0x1,0x1,0x0,0.9,0xd,0x15,0xf,-1.5,2,-1,0,10,170,2,-5,1,1,1,6.234,12.468,0x3,0x3e8,0x0,1,0.5,0.7,2,0.55,0.75,2,0.5,0.7,2,0.5,0.7,2,0x7,0x2,0x6,0x0,0x4,0xa,0x1,0xb,0x8,0x9,0xa,0xb,0xc,0xd,0xe,0xf,0,0,0,0,1,1,0,0,0,0
Fox,9,0x9,0.2,0.1,1.45,0.2,0.5,0.75,0.06,2.4,0.1111,0.04,2.184,0x4,0.68,0.83,1.7,0.9,35,16.403395,37,0.08,0.01,0.96,0.015,0.19,2.05,0.015,3.28,11,27,15,22,25,79,0x2,10,2.5,0x0,0.045,1,3,0x4,0x23,0.3,1.08,9.6,41.616199,0x2,3.36,0.9,1.8,0.5,0,0,1.3,0.7,0x1d,0.060769,0.03,0.848,0.93,1,0.16,0.08,1.45,1.92,1.536,0.6,37.5,0.5,1.4,3.3,1.3,0x14,0.2,0.8,0x6,0x1e,3,1,0x1,30,0,0,0,0,0x6,35,0x5,45,0x3,0x3c,0x3c,0x3c,1,0x1,1.35,20,0.97,0.9,1.5,12,16,0x10,0x0,0x0,0x2,0,-3,0x2,0,-5,4,5.8,0.7,0.2,0xf,8.5,22,-9,12.75,-8.5,8.5,9,-9,10.75,-8.5,0x13,0,0,0.75,17.5,0xc,0,0,0,5.5,-1.3,1,6,6,2,2,3.72093,6,16,12,3.375,7.5,13.5,15,-0.05,0.3,0,16,0.08,1,0.05,0.6,0.01,0.3,0x10,1.4,1.8,0x11,0x17,8,6,3,0x3c,0x1,40,0x0,0.7,0x0,0x0,0x0,0x0,0x0,0x0,0x0,0x0,0x2,0,1.2,7.7,0.9,1,2.3,0xc,1.15,0,5.0255,0,0,5.863083,0,5.0255,0x3,0,0,0,8,0xc,1,0,0,0,1,1,1,1,1,1,1,1,1,1,1,1,1,1,1,1,1,1,1,1,1,1,1,1,1,1,1,1,1,1,1,1,1,1,1,1,1,1,1,1,1,1,1,1,1,1,1,1,1,1,1,0,8,4,0x1,0x2,0x1,0x1,0x1,0x1,0x1,0x0,48,26,27,10,26,11,16,6,0,0,7,22,28,0x0,0x0,0x1,0x0,0x0,0x0,0x0,0x0,0x0,0x1,0x1,0x0,0.01,0xd,-0x1,-0x1,0,5,-1,0,30,150,-1,1.5,1,0.45,1,6.234,12.468,0x3,0x13,0x0,1,0.7,0.5,3,0.7,0.5,3,0.65,0.4,3,0.65,0.4,3,0xa,0xb,0x0,0x4,0x1,0xa,0x2,0x8,0x8,0x9,0xa,0xb,0xc,0xd,0xe,0xf,0,0,0,0,1,1,0,0,0,0
Pikachu,10,0xa,0.15,0.1,1.24,0.2,0.38,0.75,0.0596,1.8,0.0912,0.04,1.85325,0x4,0.78,0.8,1.8,0.8,35.5,17.123371,35.5,0.09,0.01,0.9118,0.0075,0.095,1.55,0.0075,2.48,24,15,30,24,40,79,0x2,10,2.5,0x0,0.0225,1,3,0x4,0x23,0.3,0.96,8.4,36.197403,0x2,2.94,0.9,1.5,0.8,0,0,1.3,0.7,0x24,0.060769,0.03,0.8396,0.93,1,0.12,0.08,1.24,1.44,1.152,0.6,37.75,0.5,1.3,2.6,1.3,0x14,0.2,0.8,0x6,0x1e,3,1,0x1,0,0,0,0,0,0x0,35,0x4,45,0x3,0x3c,0x3c,0x3c,0.8,0x1,1.33,14,0.9,0.9,1.5,10,12,0x10,0x0,0x0,0x2,0,-2,0x2,0,-5,3,6,0.8,0.2,0xd,6,22,-9,9,-6,6,9,-9,7,-6,0x12,0,0.5,0.75,13.5,0xd,0,-0.25,0,4.8,-0.5,1,6,6,2,2,3.72093,4.65,16,9.3,3.375,6,13.5,12,0,0.35,0,10,0.08,1,0.05,0.6,0.01,0.3,0x10,1.4,1.8,0x11,0x17,8,6,3,0x3c,0x0,40,0x0,1,0x0,0x0,0x0,0x0,0x0,0x0,0x0,0x0,0x2,1,0,7.4,0.828098,1,2.2,0xc,1.1,0,4.598,0,0,5.364333,0,4.598,0x3,0,0,0,5,0xd,1,0,0,0,1,1,1,1,1,1,1,1,1,1,1,1,1,1,1,1,1,1,1,1,1,1,1,1,1,1,1,1,1,1,1,1,1,1,1,1,1,1,1,1,1,1,1,1,1,1,1,1,1,1,1,0,5,3,0x0,0x1,0x0,0x1,0x1,0x1,0x1,0x0,25,5,27,10,0,7,0,8,0,0,4,14,18,0x1,0x0,0x1,0x0,0x0,0x0,0x0,0x0,0x1,0x1,0x1,0x1,0.95,0x12,0xf,0x15,-1,2,-1,0,30,150,-2,-2,1,0.4,1,6.234,12.468,0x3,0x13,0x0,1,0.45,0.55,3,0.45,0.55,3,0.35,0.45,2,0.35,0.45,2,0x2,0x2,0x2,0x2,0x2,0x2,0x2,0x2,0x8,0x9,0xa,0xb,0xc,0xd,0xe,0xf,0,0,0,0,1,1,0,0,0,0
Luigi,11,0xb,0.1,0.1,1.08,0.2,0.5,0.75,0.024,1.28,0.0786,0.04,1.5,0x5,0.78,0.8,0.75,0.9,44,19.984556,41.305771,0.075,0,0.734177,0.0075,0.075,1.25,0.0075,2,14,22,16,12,20,97,0x2,10,2.5,0x0,0.0225,1,3,0x8,0x23,0.3,1,10.32,50.114208,0x2,3.612,0.95,1.8,0.5,0,0,1.3,0.7,0x29,0.074615,0.03,1.0132,0.99,1,0.08,0.08,1.08,1.024,0.8192,0.6,42,0.5,1.3,2.1,0.7,0x14,0.2,0.8,0x6,0x1e,3,1,0x1,30,30,0,0,0,0x0,35,0x5,45,0x3,0x3c,0x3c,0x3c,1,0x1,1.45,19,0.95,0.95,1.5,13,16,0x10,0x0,0x0,0x2,0,0,0x2,0,-5,4.5,5.3,1,0.2,0x0,8,22,-9,12,-8,8,9,-9,10,-8,0x13,0,0,0.75,18,0xc,0.5,1,0,6,0,1,6,6,2,2,3.72093,6,16,12,3.25,7.5,13,15,0.35,0.5,0,15,0.08,1,0.05,0.6,0.01,0.3,0x10,1.4,1.8,0x11,0x17,10,6,3,0x3c,0x1,40,0x1,0,0x0,0x1,0x0,0x0,0x0,0x0,0x1,0x0,0x2,1.7,1.5,8.5,0.9,1,2.5,0xe,1.25,0,5.9375,0,0,6.927083,0,5.9375,0x3,0,0,0,7.5,0xd,1,0,0,0,1,1,1,1,1,1,1,1,1,1,1,1,1,1,1,1,1,1,1,1,1,1,1,1,1,1,1,1,1,1,1,1,1,1,1,1,1,1,1,1,1,1,1,1,1,1,1,1,1,1,1,0,9,5,0x2,0x3,0x0,0x1,0x1,0x1,0x1,0x0,52,18,32,12,22,9,19,8,0,0,4,14,18,0x1,0x0,0x0,0x0,0x0,0x0,0x1,0x0,0x1,0x0,0x0,0x1,0.01,0x12,0xf,0x15,0,3,-1,0,80,100,-2,0,1,0.675,1,6.234,12.468,0x3,0x13,0x0,1,2,0.8,0.35,2,0.8,0.35,3,0.7,0.2,3,0.7,0.25,0x4,0x1,0x7,0x6,0xa,0x8,0x5,0x2,0x8,0x9,0xa,0xb,0xc,0xd,0xe,0xf,0,0,0,0,1,1,0,0,0,0
Captain Falcon,12,0xc,0.15,0.1,0.94,0.2,0.5,0.75,0.05,1.7,0.06,0.1,2.32,0x5,0.9,0.75,2.1,0.9,37.306652,17.980684,37.306652,0.065,0.01,1.1,0.0075,0.12,1.837,0.0075,2.9392,12,30,12,9,21,104,0x2,10,2.5,0x0,0.0225,1,3,0x4,0x23,0.3,1.05,10,45.298752,0x2,3.5,1.03,1.8,0.6,0,0,1.3,0.7,0x20,0.08,0.03,1.0776,1.013333,1,0.12,0.08,0.94,1.36,1.088,0.6,38.653324,0.5,1.4,3.1,1.3,0x14,0.2,0.8,0x6,0x1e,3,1,0x1,30,30,0,0,0,0x5,35,0x5,45,0x3,0x3c,0x3c,0x3c,1,0x1,1.2,27,1.13,1.03,1.5,14,18,0x10,0x0,0x0,0x2,0,0,0x2,0,-5,3,5.3,2,0.2,0x7,9,22,-9,13.5,-9,9,9,-9,11.5,-9,0x13,-1,0,0.75,20,0x3,0,-0.8,0,6.5,0,1,7,6,2,2,4.186047,6,18,12,3.625,7.5,14.5,15,0.25,0.4,0,18,0.08,1,0.05,0.6,0.01,0.3,0x10,1.4,1.8,0x11,0x17,10,6,3,0x3c,0x1,30,0x2,1,0x0,0x0,0x0,0x0,0x0,0x0,0x1,0x0,0x2,0.2,0.7,9.5,0.9,1,2.6,0x10,1.3,0,6.422,0,0,7.492333,0,6.422,0x3,0,0,0,9,0xc,1,0,0,0,1,1,1,1,1,1,1,1,1,1,1,1,1,1,1,1,1,1,1,1,1,1,1,1,1,1,1,1,1,1,1,1,1,1,1,1,1,1,1,1,1,1,1,1,1,1,1,1,1,1,1,0,12,2,0x1,0x3,0x1,0x1,0x1,0x1,0x1,0x0,38,16,23,8,24,16,9,19,0,0,5,17,22,0x0,0x0,0x1,0x0,0x0,0x0,0x0,0x0,0x0,0x1,0x1,0x0,0.01,0xd,-0x1,-0x1,0,5,-1,0,30,150,5,2.5,0.8,0.3,1,8,16,0x3,0x13,0x0,1,1,1,1,1,1,1,1,1,1,1,1,1,0x5,0xb,0x8,0x4,0x5,0xa,0x2,0x6,0x8,0x9,0xa,0xb,0xc,0xd,0xe,0xf,0,0,0,0,1,1,0,0,0,0
Ness,13,0xd,0.08,0.1,0.8635,0.2,0.5,0.75,0.0546,1.3,0.0651,0.04,1.46265,0x5,1,0.8,1.3,0.8,34.476265,16.652296,34.476265,0.09,0.01,0.9588,0.0225,0.077,1.31,0.0225,2.096,18,20,17,14,28,94,0x2,10,2.5,0x0,0.0675,1,3,0x5,0x23,0.3,1,8.3,41.843109,0x2,2.905,0.8,1.8,0.5,0,0,1.3,0.7,0x28,0.072308,0.03,0.97454,0.98,1,0.064,0.08,0.8635,1.04,0.832,0.6,37.238132,0.5,1.3,2.5,1.3,0x14,0.2,0.8,0x6,0x1e,3,1,0x1,30,30,0,0,0,0x0,35,0x5,45,0x3,0x3c,0x3c,0x3c,1,0x1,1.4,17,0.85,0.8,1.5,10,14,0x10,0x0,0x0,0x2,0,0,0x2,0,-3,4,5.3,1,0.2,0x8,6,22,-9,9,-6,6,9,-9,7,-6,0x13,0,0.3,0.75,16,0x12,0,0,0,5.7,0,1,5.5,6,4,2,3.72093,5.75,16,11.5,3.5,6.75,14,13.5,0.13,0.28,0,13,0.08,1,0.05,0.6,0.01,0.3,0x10,1.4,1.8,0x11,0x17,10,6,3,0x3c,0x0,30,0x1,0,0x0,0x1,0x0,0x0,0x0,0x0,0x1,0x0,0x2,1,0.5,7.5,0.9,1,2.44,0xe,1.22,0,5.65592,0,0,6.598573,0,5.65592,0x3,0,0,0,6.5,0xd,1,0,0,0,1,1,1,1,1,1,1,1,1,1,1,1,1,1,1,1,1,1,1,1,1,1,1,1,1,1,1,1,1,1,1,1,1,1,1,1,1,1,1,1,1,1,1,1,1,1,1,1,1,1,1,0,8,4,0x1,0x3,0x0,0x1,0x1,0x1,0x1,0x0,32,11,31,13,24,8,21,9,0,0,4,16,18,0x0,0x0,0x0,0x0,0x0,0x0,0x0,0x0,0x1,0x1,0x1,0x1,0.8,0xd,-0x1,-0x1,0,2,-1,0,80,100,0,0,1,0.8,1,6.234,12.468,0x3,0x13,0x0,1,0.4,1.5,0.55,0.5,1.5,0.55,0.6,1.4,0.65,0.6,1.4,0.65,0x0,0xa,0x2,0x4,0x5,0x8,0x6,0x8,0x8,0x9,0xa,0xb,0xc,0xd,0xe,0xf,0,0,0,0,1,1,0,0,0,0
Peach,14,0xe,0.2,0.1,0.86,0.2,0.5,0.75,0.068,1.5,0.1181,0.04,1.4175,0x5,0.72,0.7,1.1,0.9,30.025824,14.501237,30.025824,0.1,0.01,0.95,0.01,0.068,1.15,0.01,1.84,11,22,18,12,13,89,0x2,10,2.5,0x0,0.03,1,3,0x7,0x23,0.3,1,10,36.442474,0x2,3.5,0.9,1.4,0.7,0,0,1.3,0.7,0x2a,0.068462,0.03,0.9244,0.963333,1,0.16,0.08,0.86,1.2,0.96,0.6,35.012913,0.5,1.3,2.2,1.3,0x14,0.2,0.8,0x6,0x1e,3,1,0x1,30,0,0,0,0,0x0,35,0x5,45,0x3,0x3c,0x3c,0x3c,1,0x1,1.21,21,0.95,0.9,1.5,13,17,0x10,0x0,0x0,0x2,0,-3,0x2,0,-5,4.5,6,0.7,0.2,0xf,8,22,-9,12,-8,8,9,-9,10,-8,0x13,0,0,0.75,20,0x3,0,0,0,6.5,0,1,6,6.3,2,2,3.72093,7,16,14,3.5,7.5,14,15,0.25,0.45,0,17,0.08,1,0.05,0.6,0.01,0.3,0x10,1.4,1.8,0x11,0x17,10,6,3,0x3c,0x0,30,0x0,0.5,0x0,0x1,0x0,0x0,0x0,0x0,0x1,0x2,0x2,0,0.8,8,0.9,1,2.5,0xd,1.25,0,5.9375,0,0,6.927083,0,5.9375,0x3,0,0,0,8.5,0xc,1,0,0,0,1,1,1,1,1,1,1,1,1,1,1,1,1,1,1,1,1,1,1,1,1,1,1,1,1,1,1,1,1,1,1,1,1,1,1,1,1,1,1,1,1,1,1,1,1,1,1,1,1,1,1,0,11,2.7,0x2,0x2,0x0,0x1,0x1,0x1,0x1,0x0,42,7,21,3,27,57,15,31,0,0,4,18,22,0x0,0x0,0x0,0x0,0x0,0x3,0x0,0x0,0x0,0x1,0x0,0x0,0.01,0xd,-0x1,-0x1,0,5,-1,0,60,120,0,0,0.8,0.43,1,7.5,15,0x3,0x13,0x0,1,0.5,0.7,2,0.55,0.75,2,0.5,0.7,2,0.5,0.7,2,0x7,0x2,0x0,0x6,0x4,0xa,0xa,0xb,0x8,0x9,0xa,0xb,0xc,0xd,0xe,0xf,0,0,0,0,1,1,0,0,0,0
Bowser,15,0xf,0.03,0.05,0.858,0.2,0.5,0.75,0.0577,1,0.0648,0.04,1.792,0x8,0.9,0.9,1,0.9,33,15.699792,32.611839,0.04,0.01,1,0.0075,0.11,1.39,0.0075,2.224,20,24,40,28,40,130,0x2,10,2.5,0x0,0.0225,1,5,0x7,0x23,0.3,0.82,16,39.607784,0x3,5.6,1.7,1.8,2,0,0,1.3,0.7,0x27,0.1,0,1.33432,1.1,1,0.024,0.04,0.858,0.8,0.64,0.6,36.5,0.7,1.3,2.8,1.3,0x14,0.2,0.8,0x6,0x1e,3,1,0x1,30,0,0,0,0,0x0,35,0x5,45,0x3,0x3c,0x3c,0x3c,1.2,0x1,1.15,25,1.9,1.7,1.8,29,33,0x10,0x0,0x0,0x2,0,-3,0x2,0,-5,4,7.8,0.9,0.2,0xc,11.5,22,-9,17.25,-11.5,11.5,9,-9,15.25,-11.5,0x13,0,2,0.75,27.8,0xd,0,-2.5,-3.5,11.3,-1.5,1,8.5,7,1,2,7,7.5,25,15,5,9,20,18,2.5,0,0,21,0.08,1,0.05,0.6,0.01,0.3,0x10,1.4,1.8,0x11,0x17,10,7,3,0x3c,0x2,30,0x3,1,0x0,0x0,0x0,0x0,0x0,0x0,0x0,0x2,0x2,3.8,0,15.3,0.9,1,3.6,0x14,1.8,0,12.312,0,0,14.364,0,12.312,0x3,0,0,0,10.5,0xd,1,0,0,0,1,1,1,1,1,1,1,1,1,1,1,1,1,1,1,1,1,1,1,1,1,1,1,1,1,1,1,1,1,1,1,1,1,1,1,1,1,1,1,1,1,1,1,1,1,1,1,1,1,1,1,0,12,8,0x1,0x2,0x0,0x1,0x1,0x1,0x1,0x0,73,32,38,14,22,11,32,14,0,0,6,13,17,0x1,0x0,0x0,0x0,0x0,0x2,0x1,0x0,0x0,0x1,0x1,0x0,0.01,0x12,0xf,0x15,-3,4,-1.5,0,30,150,27.5,-1,1,0.45,1,6.234,18,0x3,0x13,0xc,0.1,1,0.7,0.7,1,0.7,0.7,1,0.7,0.7,1,0.7,0.7,0x2,0x9,0x2,0x4,0xb,0x1,0x0,0x6,0x8,0x9,0xa,0xb,0xc,0xd,0xe,0xf,0,0,0,0,1,1,0,0,0,0
Zelda,16,0x10,0.2,0.1,0.87,0.2,0.5,0.75,0.054,1.6,0.1175,0.04,1.3,0x6,0.8,0.7,1.1,0.9,31.552761,15.239396,31.552761,0.055,0.01,1.04,0.006,0.071,1.35,0.006,2.16,19,23,25,19,18,85,0x2,10,2.5,0x0,0.018,1,3,0x8,0x23,0.3,1,11,38.295349,0x2,3.85,0.9,1.2,0.5,0,0,1.3,0.7,0x27,0.065385,0.03,0.8848,0.95,1,0.16,0.08,0.87,1.28,1.024,0.6,35.776382,0.5,1.3,2.1,1.3,0x14,0.2,0.8,0x6,0x1e,3,1,0x1,0,0,0,0,0,0x0,35,0x5,45,0x3,0x3c,0x3c,0x3c,1,0x1,1.21,21,0.95,0.9,1.5,13,17,0x10,0x0,0x0,0x2,0,-3,0x2,0,-8,6,4.7,0.7,0.2,0x8,8,22,-9,12,-8,8,9,-9,10,-8,0x13,-2,0,0.75,20,0x3,0,-0.7,0,6.5,0,1,6.5,6,2,2,3.72093,7,16,14,3.5,7.5,14,15,0.3,0.25,0,17,0.08,1,0.05,0.6,0.01,0.3,0x10,1.4,1.8,0x11,0x17,10,6,3,0x3c,0x0,30,0x0,0.5,0x0,0x1,0x0,0x0,0x0,0x0,0x1,0x1,0x2,1,1.5,8.4,0.9,1,2.5,0xd,1.25,0,5.9375,0,0,6.927083,0,5.9375,0x3,0,0,0,8.5,0xc,1,0,0,0,1,1,1,1,1,1,1,1,1,1,1,1,1,1,1,1,1,1,1,1,1,1,1,1,1,1,1,1,1,1,1,1,1,1,1,1,1,1,1,1,1,1,1,1,1,1,1,1,1,1,1,0,10.5,3,0x0,0x1,0x0,0x1,0x1,0x1,0x1,0x0,38,3,22,2,17,2,10,0,0,0,6,17,23,0x0,0x0,0x0,0x0,0x0,0x3,0x0,0x0,0x0,0x1,0x1,0x0,0.01,0xd,-0x1,-0x1,0,5,-1,0,80,100,-1,-1,0.8,0.35,1,8,16,0x3,0x13,0x0,1,1,0.95,0.4,1,0.95,0.4,1,0.95,0.35,1,0.95,0.35,0x8,0x0,0x5,0x8,0x4,0xb,0x7,0xa,0x8,0x9,0xa,0xb,0xc,0xd,0xe,0xf,0,0,0,0,1,1,0,0,0,0
Sheik,17,0x11,0.2,0.1,1.4,0.2,0.5,0.75,0.06,1.7,0.1143,0.04,2.016,0x4,0.76,0.8,1.4,1,39,18.752533,40,0.08,0.01,1.1,0.015,0.15,1.75,0.03,2.8,10,10,12,21,30,81,0x2,10,2.5,0x0,0.045,1,3,0x7,0x23,0.3,1,10.5,47.378315,0x2,3.675,0.9,1.4,0.5,0,0,1.3,0.7,0x21,0.062308,0.03,0.866,0.936667,1,0.16,0.08,1.4,1.36,1.088,0.6,39.5,0.5,1.4,2.8,1.3,0x14,0.2,0.8,0x6,0x1e,3,1,0x1,30,0,0,0,0,0x6,35,0x5,45,0x3,0x3c,0x3c,0x3c,1,0x1,1.19,21,1,0.9,1.8,13,15,0x10,0x0,0x0,0x2,0,2,0x2,0,-5,6.5,5.8,0.8,0.2,0xf,8,22,-9,12,-8,8,9,-9,10,-8,0x13,-2,0,0.75,19,0x3,0,-0.7,0,6.5,0,1,5.5,6,2,2.2,3.72093,6.5,16,13,3.25,7.5,13,15,0.2,0.15,0,17,0.08,1,0.05,0.6,0.01,0.3,0x10,1.4,1.8,0x11,0x17,10,6,3,0x3c,0x1,40,0x0,0.5,0x0,0x1,0x0,0x0,0x0,0x0,0x1,0x0,0x2,0,1.4,8.6,0.9,1,2.4,0xc,1.2,0,5.472,0,0,6.384,0,5.472,0x3,0,0,0,8.5,0xc,1,0,0,0,1,1,1,1,1,1,1,1,1,1,1,1,1,1,1,1,1,1,1,1,1,1,1,1,1,1,1,1,1,1,1,1,1,1,1,1,1,1,1,1,1,1,1,1,1,1,1,1,1,1,1,0,7.5,6,0x1,0x2,0x1,0x1,0x1,0x1,0x1,0x0,45,18,15,6,18,8,6,17,0,0,5,17,22,0x1,0x0,0x1,0x1,0x0,0x0,0x0,0x0,0x0,0x1,0x1,0x0,0.01,0xd,-0x1,-0x1,3,5,-1,0,80,100,-2,4,0.8,0.375,1,8,16,0x3,0x13,0x0,1,1,1,1,1,1,1,1,1,1,1,1,1,0x6,0x0,0x8,0x8,0x3,0xb,0x2,0xa,0x8,0x9,0xa,0xb,0xc,0xd,0xe,0xf,0,0,0,0,1,1,0,0,0,0
Marth,18,0x12,0.18,0,1.5,0.2,0.5,0.75,0.055,1.5,0.082,0.01,1.785,0x5,0.95,0.8,1.2,1,33.660133,16.263107,33.660133,0.07,0.01,1.02,0.00375,0.075,1.58,0.00375,2.528,12,16,17,14,24,90,0x2,10,2.5,0x0,0.01125,1,3,0x4,0x23,0.3,0.96,11.46,40.849941,0x2,4.011,1.05,1.8,0.5,0,0,1.3,0.7,0x24,0.069231,0.03,0.96,0.966667,1,0.144,0,1.5,1.2,0.96,0.6,36.83,0.5,1.3,2.4,1.3,0x14,0.2,0.8,0x6,0x1e,3,1,0x1,30,0,0,0,0,0x0,35,0x5,45,0x3,0x3c,0x3c,0x3c,1,0x1,1.25,23,1.1,1.05,1.6,12,17,0x10,0x0,0x0,0x2,0,-7,0x2,0,-5,5,4.5,1,0.2,0x0,8,22,-9,12,-8,8,9,-9,10,-8,0x13,-2,0,0.75,20,0xc,-0.5,-2.2,0,7,0.6,1,6,6,2,2,3.488372,6.5,15,13,3.25,7.5,13,15,0.2,0.6,0,19,0.08,1,0.05,0.6,0.01,0.3,0x10,1.4,1.8,0x11,0x17,10,6,3,0x3c,0x1,20,0x1,0.5,0x0,0x1,0x0,0x0,0x0,0x0,0x1,0x0,0x2,0,1.5,9.1,0.9,1,2.4,0xd,1.2,0,5.472,0,0,6.384,0,5.472,0x3,0,0,0,9.5,0xc,1,0,0,0,1,1,1,1,1,1,1,1,1,1,1,1,1,1,1,1,1,1,1,1,1,1,1,1,1,1,1,1,1,1,1,1,1,1,1,1,1,1,1,1,1,1,1,1,1,1,1,1,1,1,1,0,9,6.5,0x2,0x2,0x0,0x1,0x1,0x1,0x1,0x0,21,49,2,25,2,17,4,12,0,0,6,17,22,0x0,0x0,0x0,0x0,0x0,0x0,0x0,0x0,0x0,0x1,0x1,0x0,0.01,0xd,-0x1,-0x1,1,5,-1,0,30,150,1,-1,0.8,0.25,1,8,16,0x3,0x13,0x0,1,1,1,1,1,1,1,1,1,1,1,1,1,0x5,0x0,0x4,0x2,0xa,0x5,0x2,0x5,0x8,0x9,0xa,0xb,0xc,0xd,0xe,0xf,0,0,0,0,1,1,0,0,0,0
Mr. Game and Watch,19,0x13,0.1,0.1,1.1242,0.2,0.5,0.75,0.06,1.5,0.0823,0.04,1.5264,0x5,0.95,0.8,1.5,0.9,27.511969,13.261467,27.511969,0.03,0.07,1.12,0.012,0.08,1.24,0.012,1.984,12,15,19,12,28,75,0x2,10,2.5,0x0,0.036,1,3,0x4,0x23,0.3,1,8.9,33.404976,0x2,3.115,1,1.8,0.5,0,0,1.3,0.7,0x29,0.057692,0.03,0.794968,0.916667,1,0.08,0.08,1.1242,1.2,0.96,0.6,33.755985,0.5,1.3,2.3,1.3,0x14,0.2,0.8,0x6,0x1e,3,1,0x1,0,0,0,0,0,0x4,35,0x3,45,0x3,0x3c,0x3c,0x3c,1,0x1,1.4,15.5,1.05,1,1.5,13,15,0x10,0x0,0x0,0x2,0,0,0x2,0,0,5,6.5,1,0.2,0x0,6,22,-9,9,-6,6,9,-9,7,-6,0x13,0,0,0.75,14.8,0x3,0,1.4,0.6,5.2,0,1,6,6,2,2,3.72093,6,16,12,3.5,7,14,14,0,0,0,11.5,0.08,1,0.05,0.6,0.01,0.3,0x10,1.4,1.8,0x11,0x17,5,6,3,0x3c,0x0,50,0x0,0.7,0x0,0x0,0x0,0x0,0x0,0x0,0x0,0x0,0x2,1.5,0,7,0.9,1,2.4,0xb,1.2,0,5.472,0,0,6.384,0,5.472,0x3,0,0,0,5.75,0xd,1,0,0,0,1,1,1,1,1,1,1,1,1,1,1,1,1,1,1,1,1,1,1,1,1,1,1,1,1,1,1,1,1,1,1,1,1,1,1,1,1,1,1,1,1,1,1,1,1,1,1,1,1,1,1,0,8.5,4,0x1,0x1,0x1,0x1,0x1,0x1,0x1,0x0,0,0,0,0,0,0,0,0,0,0,0,0,0,0x0,0x0,0x0,0x0,0x0,0x1,0x0,0x0,0x1,0x1,0x1,0x0,0.95,0x12,0x15,0xf,-2,5,-1,0,30,150,2.5,2,1,0.65,1,6.234,12.468,0x3,0x13,0x0,1,1,1,1,1,1,1,1,1,1,1,1,1,0xb,0x0,0x3,0x5,0x6,0x6,0x4,0xa,0x8,0x9,0xa,0xb,0xc,0xd,0xe,0xf,0,0,0,0,1,1,0,0,0,0
Ganondorf,20,0x14,0.08,0.03,0.73,0.2,0.5,0.75,0.068,1.3,0.0963,0.02,1.218,0x7,0.9,0.75,1.8,1,25.488228,12.244264,26,0.03,0.01,0.79,0.015,0.107835,1.65,0.015,2.64,17,22,19,19,26,113,0x2,10,2.5,0x0,0.045,1,4,0x4,0x23,0.3,0.96,12.6,30.969843,0x2,4.41,1.25,1.8,2,0,0,1.3,0.7,0x23,0.086923,0.03,1.1592,1.043333,1,0.064,0.024,0.73,1.04,0.832,0.6,32.744114,0.5,1.3,2.6,1.3,0x14,0.2,0.8,0x6,0x1e,3,1,0x1,0,0,0,0,0,0x0,35,0x5,45,0x3,0x3c,0x3c,0x3c,1,0x1,1.18,26,1.3,1.25,1.5,16,20,0x10,0x0,0x0,0x2,0,-2,0x2,0,-5,6,6,1,0.2,0x7,10.5,22,-9,15.75,-10.5,10.5,9,-9,13.75,-10.5,0x13,-2,0,0.75,24,0x3,0,-0.5,0,8.5,0,1,6,6,2,2,3.953488,7.5,17,15,3.5,11,14,17,0.55,0.35,0,22,0.08,1,0.05,0.6,0.01,0.3,0x10,1.4,1.8,0x11,0x17,10,6,3,0x3c,0x2,30,0x3,1,0x0,0x0,0x0,0x0,0x0,0x0,0x0,0x0,0x2,1,3,11.2,0.9,1,2.9,0x11,1.45,0,7.9895,0,0,9.321083,0,7.9895,0x3,0,0,0,11,0xc,1,0,0,0,1,1,1,1,1,1,1,1,1,1,1,1,1,1,1,1,1,1,1,1,1,1,1,1,1,1,1,1,1,1,1,1,1,1,1,1,1,1,1,1,1,1,1,1,1,1,1,1,1,1,1,0,14.5,3,0x1,0x1,0x0,0x1,0x1,0x1,0x1,0x0,30,19,29,12,30,9,24,8,0,0,5,18,22,0x0,0x0,0x0,0x0,0x0,0x0,0x0,0x0,0x0,0x1,0x1,0x0,0.01,0x12,0xf,0x15,0,5,-1,0,60,120,5,1,1,0.24,1,6.234,17,0x3,0x13,0x0,1,1,1,1,1,1,1,1,1,1,1,1,1,0xb,0xb,0xb,0x4,0x0,0xb,0x8,0x5,0x8,0x9,0xa,0xb,0xc,0xd,0xe,0xf,0,0,0,0,1,1,0,0,0,0
Falco,21,0x15,0.2,0.1,1.28,0.2,0.5,0.75,0.065,1.9,0.112,0.04,1.472,0x6,0.67,0.9,1.7,0.94,50.506073,17.34,50.506073,0.09,0.01,0.93,0.01,0.13,1.8,0.013,2.88,15,25,15,15,23,82,0x2,10,2.5,0x0,0.03,1,3,0x4,0x23,0.3,1.05,9.5,61.303986,0x2,3.325,0.9,1.8,0.5,0,0,1.3,0.7,0x21,0.063077,0.03,0.8712,0.94,1,0.16,0.08,1.28,1.52,1.216,0.6,45.253036,0.5,1.3,2.8,1.1,0x14,0.2,0.8,0x6,0x1e,3,1,0x1,30,0,0,0,0,0x6,35,0x5,45,0x3,0x3c,0x3c,0x3c,1,0x1,1.32,19.5,0.95,0.9,1.5,12,16,0x10,0x0,0x0,0x2,0,-2,0x2,0,-10,4,6.5,0.7,0.2,0xf,9.5,22,-9,14.25,-9.5,9.5,9,-9,12.25,-9.5,0x13,-1,0,0.75,19.5,0xc,0.3,-1.2,0.3,6,-0.8,1,7,6,2,2,4.069767,6.5,17.5,13,3.625,7.5,14.5,15,0.1,0.4,0,15.5,0.08,1,0.05,0.6,0.01,0.3,0x10,1.4,1.8,0x11,0x17,10,6,3,0x3c,0x1,40,0x1,0.7,0x0,0x0,0x0,0x0,0x0,0x0,0x0,0x0,0x2,0.8,1,7.5,0.9,1,2.4,0xc,1.2,0,5.472,0,0,6.384,0,5.472,0x3,0,0,0,7.75,0xc,1,0,0,0,1,1,1,1,1,1,1,1,1,1,1,1,1,1,1,1,1,1,1,1,1,1,1,1,1,1,1,1,1,1,1,1,1,1,1,1,1,1,1,1,1,1,1,1,1,1,1,1,1,1,1,0,10,3,0x1,0x2,0x1,0x1,0x1,0x1,0x1,0x0,45,34,28,10,25,11,25,12,0,0,7,22,28,0x0,0x0,0x1,0x0,0x0,0x0,0x0,0x0,0x0,0x1,0x1,0x0,0.01,0xd,-0x1,-0x1,0,5,-1,0,30,150,1,0.5,1,0.39,1,6.234,12.468,0x3,0x13,0x0,1,2,0.35,0.35,2,0.35,0.35,2,0.4,0.4,2,0.4,0.4,0xa,0x1,0x5,0x0,0x4,0xb,0x6,0x8,0x8,0x9,0xa,0xb,0xc,0xd,0xe,0xf,0,0,0,0,1,1,0,0,0,0
Wario,22,0x16,0.07,0.1,0.847,0.2,0.5,0.75,0.07,1.3,0.0954,0.04,1.5,0x6,0.95,0.9,1.3,0.9,30.5,14.7,30.5,0.08,0.04,1.21,0.04,0.092,1.61,0.006,2.576,12,16,27,12,19,107,0x2,10,2.5,0x0,0.12,1,3,0x4,0x23,0.3,1,9.3,37.033981,0x2,3.255,1,1.4,0.8,0,0,1.3,0.7,0x23,0.082308,0.03,1.10388,1.023333,1,0.056,0.08,0.847,1.04,0.832,0.6,35.25,0.5,1.3,2.3,1.3,0x14,0.2,0.8,0x6,0x1e,3,1,0x1,30,0,0,0,0,0x0,35,0x5,45,0x3,0x3c,0x3c,0x3c,1,0x1,1.4,17.5,1.15,1,1.5,13,17,0x10,0x0,0x0,0x2,0,0,0x2,0,-5,4,6.8,1,0.2,0xe,6.5,22,-9,9.75,-6.5,6.5,9,-9,7.75,-6.5,0x13,0,0,0.75,17,0x3,-0.5,3,0,6.2,0,1,7,6,2,4.5,3.837209,5.5,16.5,11,3.5,6,14,12,0.3,-0.3,0,13.5,0.08,1,0.05,0.6,0.01,0.3,0x10,1.4,1.8,0x11,0x17,10,6,3,0x3c,0x2,40,0x2,1,0x0,0x0,0x0,0x0,0x0,0x0,0x1,0x1,0x2,2.8,1,8.8,0.9,1,2.6,0x10,1.3,0,6.422,0,0,7.492333,0,6.422,0x3,0,0,0,6.75,0xd,1,0,0,0,1,1,1,1,1,1,1,1,1,1,1,1,1,1,1,1,1,1,1,1,1,1,1,1,1,1,1,1,1,1,1,1,1,1,1,1,1,1,1,1,1,1,1,1,1,1,1,1,1,1,1,0,1.05,4,0x2,0x2,0x0,0x1,0x1,0x1,0x1,0x0,5,38,0,18,2,13,2,11,0,0,4,15,18,0x1,0x0,0x0,0x0,0x0,0x0,0x1,0x0,0x1,0x1,0x1,0x1,0.9,0x12,0xf,0x15,0.5,2,-1,0,30,150,3,-3,1,0.7,1,6.234,12.468,0x3,0x13,0x0,1,1,0.95,0.4,1,0.95,0.4,1,0.95,0.35,1,0.95,0.35,0x2,0x0,0x4,0x8,0x2,0x0,0x6,0x4,0x8,0x9,0xa,0xb,0xc,0xd,0xe,0xf,0,0,0,0,1,1,0,0,0,0
Metaknight,23,0x17,0.16,0.1,1.18,0.2,0.5,0.75,0.055,1.75,0.0948,0.04,1.9,0x4,0.85,0.8,1.4,0,32,13.915902,28.925524,0.065,0.01,0.99,0.012,0.11,1.66,0.015,2.656,16,16,18,18,22,80,0x6,10,2.5,0x0,0.036,1,3,0x4,0x23,0.3,1,8.9,35.135567,0x1,3.115,1,0,0,0,0,1.3,0.7,0x23,0.061538,0.03,0.8472,0.933333,1,0.128,0.08,1.18,1.4,1.12,0.6,36,0.5,1.3,2,1.3,0x14,0.2,0.8,0x6,0x1e,3,1,0x1,0,0,25,27,0,0x0,35,0x5,45,0x3,0x3c,0x3c,0x3c,1,0x1,1.4,13,1.2,1,1.8,8,14,0x10,0x0,0x0,0x2,0,0,0x2,0,-5,2,5,0.9,0.2,0xf,5.5,22,-9,12,-8,5.5,9,-9,10,-5.5,0x13,-2,2,1,19,0x3,0,3,0,5.7,-1,1,7.5,6,0,2.7,3.72093,5,16,10,3.5,6,14,12,0.1,0.2,0,9,0.08,1,0.05,0.6,0.01,0.3,0x10,1.4,1.8,0x11,0x17,6,6,3,0x1e,0x1,35,0x1,0,0x0,0x1,0x0,0x0,0x0,0x0,0x1,0x1,0x2,2.5,1.1,8.6,0.631674,1,2.36,0xc,1.18,F,5.29112,0,0,6.180786,0,5.29112,0x3,0,0,0,4.5,0xd,1,0,0,0,1,1,1,1,1,1,1,1,1,1,1,1,1,1,1,1,1,1,1,1,1,1,1,1,1,1,1,1,1,1,1,1,1,1,1,1,1,1,1,1,1,1,1,1,1,1,1,1,1,1,1,0,7.5,3,0x3,0x0,0x1,0x3,0x1,0x1,0x2,0x0,19,15,18,8,17,6,0,0,0,0,7,15,23,0x0,0x0,0x0,0x0,0x0,0x1,0x0,0x0,0x1,0x1,0x1,0x1,0.01,0x12,0x14,0xe,-3,1.5,-1,0,30,150,10,-1,1,0.9,1,6.234,12.468,0x3,0x13,0x0,1,1,1,1,1,1,1,1,1,1,1,1,1,0x5,0xa,0x0,0x4,0x5,0x7,0x8,0xb,0x8,0x9,0xa,0xb,0xc,0xd,0xe,0xf,0,0,0,0,1,1,0,0,0,0
Pit,24,0x18,0.2,0.1,1.199,0.2,0.5,0.75,0.0505,1.5,0.1134,0.04,1.66215,0x5,0.8,0.9,1.1,1,31,14.955608,31,0.065,0.01,0.89,0.008,0.081,1.48,0.008,2.368,24,20,20,24,24,96,0x4,10,2.5,0x0,0.024,1,4,0x4,0x23,0.3,1,10.5,37.633354,0x2,3.675,1.13,1.8,1.1,0,0,1.3,0.7,0x25,0.073846,0.03,1.00796,0.986667,1,0.16,0.08,1.199,1.2,0.96,0.6,35.5,0.5,1.3,2.6,1.3,0x14,0.2,0.8,0x14,0x1e,3,1,0x1,27,27,0,0,0,0x5,35,0x5,45,0x3,0x3c,0x3c,0x3c,0.9,0x1,1.3,20.5,1.1,1.13,1.5,13,17,0x10,0x0,0x0,0x2,0,-5,0x2,0,-7,5,6.2,1,0.2,0xd,8,22,-9,12,-8,8,9,-9,10,-8,0x13,0,0,0.75,19,0x3,0,0,2,7.2,0,1,6.5,6,2,2,3.953488,6.5,17,13,3.625,5.75,14.5,11.5,0.5,0.4,0,16.5,0.08,1,0.05,0.6,0.01,0.3,0x10,1.4,1.8,0x11,0x17,10,6,3,0x3c,0x1,30,0x1,0.2,0x0,0x0,0x0,0x0,0x0,0x0,0x1,0x0,0x2,1.3,1.5,8.1,0.889773,1,2.6,0xe,1.3,0,6.422,0,0,7.492333,0,6.422,0x3,0,0,0,8.25,0xc,1,0,0,0,1,1,1,1,1,1,1,1,1,1,1,1,1,1,1,1,1,1,1,1,1,1,1,1,1,1,1,1,1,1,1,1,1,1,1,1,1,1,1,1,1,1,1,1,1,1,1,1,1,1,1,0,9.2,4,0x2,0x3,0x1,0x1,0x1,0x1,0x2,0x0,21,39,11,31,9,22,8,20,0,0,5,18,21,0x0,0x0,0x0,0x0,0x0,0x0,0x0,0x0,0x0,0x0,0x1,0x0,0.01,0xd,0xf,0x15,0,5,-1,0,70,110,3,1.5,0.8,0.31,1,6.234,12.468,0x3,0x13,0x0,1,1,1,1,1,1,1,1,1,1,1,1,1,0xa,0x2,0x0,0x4,0x6,0xb,0x6,0x7,0x8,0x9,0xa,0xb,0xc,0xd,0xe,0xf,0,0,0,0,1,1,0,0,0,0
Zero Suit Samus,25,0x19,0.1,0.1,1.4,0.2,0.5,0.75,0.07,1.7,0.0942,0.04,2.1,0x4,0.95,0.95,1.3,0.9,44.5,21.354742,44.2,0.085,0.01,1.2,0.008,0.12,1.7,0.5,2.72,10,16,11,9,30,80,0x2,10,2.5,0x0,0.024,1,3,0x8,0x23,0.3,1,10.6,53.641396,0x2,3.71,1,1,0.2,0,0,1.3,0.7,0x22,0.061538,0.03,0.856,0.933333,1,0.08,0.08,1.4,1.36,1.088,0.6,42.25,0.5,1.3,2.3,1.3,0x14,0.2,0.8,0x6,0x1e,3,1,0x1,30,30,0,0,0,0x0,35,0x5,45,0x3,0x3c,0x3c,0x3c,1,0x1,1.25,22.5,0.97,1,1.6,12,16,0x10,0x0,0x0,0x2,0,-5,0x2,0,-5,4,5.5,1,0.2,0xf,8,22,-9,12,-8,8,9,-9,10,-8,0x13,-2,0,0.75,19.5,0xd,0,-1.6,0.5,6.5,1.2,1,7,6,2,2,3.72093,7,16,14,3.25,7.75,13,15.5,0.3,0.45,0,18.5,0.08,1,0.05,0.6,0.01,0.3,0x10,1.4,1.8,0x11,0x17,10,6,3,0x3c,0x0,30,0x0,1,0x0,0x0,0x0,0x0,0x0,0x0,0x0,0x0,0x2,0.5,1,8.4,0.9,1,2.46,0xc,1.23,0,5.74902,0,0,6.70719,0,5.74902,0x3,0,0,0,9.25,0xc,1,0,0,0,1,1,1,1,1,1,1,1,1,1,1,1,1,1,1,1,1,1,1,1,1,1,1,1,1,1,1,1,1,1,1,1,1,1,1,1,1,1,1,1,1,1,1,1,1,1,1,1,1,1,1,0,11,3,0x1,0x3,0x0,0x1,0x1,0x1,0x1,0x0,50,20,26,8,24,9,9,20,0,0,4,18,21,0x1,0x0,0x1,0x0,0x1,0x0,0x0,0x0,0x0,0x1,0x1,0x1,0.9,0x12,0xf,0x15,-2,2.7,-1,0,60,120,-1,0.5,0.6,0.272,1,7.5,15,0x3,0x13,0x0,1,1.2,1.1,0.35,1.2,1.1,0.35,1.2,1.1,0.35,1.2,1.1,0.35,0x6,0x5,0x0,0xb,0x4,0xa,0x1,0x5,0x5,0x9,0xa,0xb,0xc,0xd,0xe,0xf,0,0,0,0,1,1,0,0,0,0
Pikmin and Olimar,26,0x1a,0.085,0.1,0.9,0.2,0.5,0.75,0.06,1.4,0.0872,0.04,1.47,0x5,0.57,0.8,1.2,0.9,33.5,16.191645,33.5,0.07,0.01,0.82,0.015,0.068,1.35,0.015,2.16,15,15,15,30,30,79,0x2,10,2.5,0x0,0.045,1,3,0x4,0x23,0.3,0.95,7.8,40.652481,0x2,2.73,0.9,1.8,0.5,0,0,1.3,0.7,0x27,0.060769,0.03,0.826,0.93,1,0.068,0.08,0.9,1.12,0.896,0.6,36.75,0.5,1.3,2.6,1.3,0x14,0.2,0.8,0x6,0x1e,3,1,0x1,30,0,0,0,0,0x0,35,0x5,45,0x3,0x3c,0x3c,0x3c,1,0x1,1.5,15,0.9,0.9,1.5,8,12,0x10,0x0,0x0,0x2,0,0,0x2,0,-3,3,4.3,0.6,0.2,0x0,7,22,-9,10.5,-7,7,9,-9,8.5,-7,0x13,0,1,0.75,18,0x3,0,3.3,0,4.1,0.5,1,5.5,6,2,2,3.72093,4.5,16,9,3,5.75,12,11.5,0.5,0.1,0,11,0.08,1,0.05,0.6,0.01,0.3,0x10,1.4,1.8,0x11,0x17,10,6,3,0x3c,0x0,40,0x0,0,0x0,0x1,0x0,0x0,0x0,0x0,0x1,0x0,0x2,0.8,0,6.2,0.9,1,2.36,0xc,1.18,0,5.29112,0,0,6.180786,0,5.29112,0x3,0,0,0,5.5,0xd,1,0,0,0,1,1,1,1,1,1,1,1,1,1,1,1,1,1,1,1,1,1,1,1,1,1,1,1,1,1,1,1,1,1,1,1,1,1,1,1,1,1,1,1,1,1,1,1,1,1,1,1,1,1,1,0,8,1,0x2,0x2,0x0,0x1,0x1,0x1,0x1,0x0,17,47,7,22,5,15,6,16,0,0,4,15,19,0x0,0x0,0x0,0x0,0x0,0x0,0x0,0x1,0x1,0x1,0x1,0x1,0.8,0x12,-0x1,-0x1,1,0,-2.5,0,30,150,-2,-1.5,1,0.75,1,6.234,12.468,0x3,0x13,0x0,1,1,1,1,1,1,1,1,1,1,1,1,1,0x2,0x0,0x4,0xa,0x6,0x4,0x7,0x0,0x8,0x9,0xa,0xb,0xc,0xd,0xe,0xf,0,0,0,0,1,1,0,0,0,0
Diddy Kong,27,0x1b,0.1,0.1,1.25,0.2,0.5,0.75,0.0484,1.7,0.15,0.04,1.824,0x4,0.95,0.8,1.3,0.9,41.208694,19.897078,41.208694,0.05,0,0.88,0.008,0.105,1.75,0.016,2.8,13,26,12,21,28,93,0x2,10,2.5,0x0,0.024,1,3,0x7,0x23,0.3,1,8,50.01783,0x2,2.8,0.98,1.8,0.5,0,0,1.3,0.7,0x21,0.071538,0.03,0.98,0.976667,1,0.08,0.08,1.25,1.36,1.088,0.6,40.604347,0.5,1.3,2.3,1.3,0x14,0.2,0.8,0x6,0x1e,3,1,0x1,30,30,0,0,0,0x5,35,0x5,45,0x3,0x3c,0x3c,0x3c,1,0x1,1.4,15.5,1,0.98,1.5,10,14,0x10,0x0,0x0,0x2,0,0,0x2,0,-5,5,6.5,1,0.2,0xc,7,22,-9,10.5,-7,7,9,-9,8.5,-7,0x13,0,1,0.75,16.5,0xd,0,0,1,5.75,-1.3,1,6.5,6,2,2,3.72093,6,16,12,3.25,7,13,14,-0.1,0.45,0,11.5,0.08,1,0.05,0.6,0.01,0.3,0x10,1.4,1.8,0x11,0x17,8,6,3,0x3c,0x0,35,0x0,1,0x0,0x0,0x0,0x0,0x0,0x0,0x1,0x0,0x2,1.4,2.7,8,0.9,1,2.4,0xe,1.2,0,5.472,0,0,6.384,0,5.472,0x3,0,0,0,5.75,0xd,1,0,0,0,1,1,1,1,1,1,1,1,1,1,1,1,1,1,1,1,1,1,1,1,1,1,1,1,1,1,1,1,1,1,1,1,1,1,1,1,1,1,1,1,1,1,1,1,1,1,1,1,1,1,1,0,8.3,5,0x2,0x3,0x1,0x1,0x1,0x1,0x1,0x0,2,24,17,2,13,1,9,0,0,0,4,16,20,0x1,0x0,0x1,0x1,0x0,0x0,0x0,0x0,0x0,0x1,0x1,0x0,0.01,0xd,0x3eb,-0x1,1,5,-4,0,30,150,7,-3.5,1,0.55,1,6.234,12.468,0x3,0x13,0x0,1,0.9,1.1,1.8,0.9,1.1,1.8,0.8,1,1.7,0.8,1,1.7,0x0,0x2,0x7,0x8,0x3,0x5,0x2,0x6,0x8,0x9,0xa,0xb,0xc,0xd,0xe,0xf,0,0,0,0,1,1,0,0,0,0
King Dedede,28,0x1c,0.15,0,0.98,0.2,0.5,0.75,0.0484,1.4,0.0858,0.01,1.36,0x6,1,1,1.2,1,32.85,16.019524,32.85,0.04,0.01,0.63,0.006,0.087885,1.95,0.006,3.12,15,30,21,22,30,119,0x5,10,2.5,0x0,0.018,1,5,0x4,0x23,0.3,0.95,13.4,40.315399,0x3,4.69,1.4,1,1.5,0,0,1.3,0.7,0x1e,0.091538,0.03,1.2292,1.063333,1,0.12,0,0.98,1.12,0.896,0.6,36.425,0.5,1.3,2.4,1.3,0x14,0.2,0.8,0x6,0x1e,3,1,0x1,30,0,0,0,0,0x8,50,0x5,45,0x3,0x3c,0x3c,0x3c,1,0x1,1.2,23.5,1.48,1.4,1.7,22,26,0x10,0x0,0x0,0x2,0,0,0x2,0,-5,5,9.5,1,0.2,0xf,10.5,22,-9,15.75,-10.5,10.5,9,-9,13.75,-10.5,0x13,0,0,0.75,27,0x3,0,10.5,0,9.75,-2.5,1,8.5,7,1,1,4.651163,7,20,14,4.5,12,18,17,-0.2,0.4,0,19.5,0.08,1,0.05,0.6,0.01,0.3,0x10,1.4,1.8,0x11,0x17,10,7,3,0x3c,0x2,30,0x3,0,0x0,0x0,0x0,0x0,0x0,0x0,0x1,0x0,0x2,2.6,0,13,0.9,1,3.3,0x12,1.65,0,10.3455,0,0,12.06975,0,10.3455,0x3,0,0,0,9.75,0xc,1,0,0,0,1,1,1,1,1,1,1,1,1,1,1,1,1,1,1,1,1,1,1,1,1,1,1,1,1,1,1,1,1,1,1,1,1,1,1,1,1,1,1,1,1,1,1,1,1,1,1,1,1,1,1,0,12,5,0x2,0x2,0x1,0x1,0x1,0x1,0x2,0x0,0,0,24,18,0,18,19,8,0,0,7,15,23,0x0,0x0,0x0,0x0,0x0,0x2,0x0,0x0,0x0,0x1,0x0,0x1,0.01,0x12,0xf,0x15,1.5,2,-1,0,80,100,17,3,1,0.7,1,6.234,19,0x3,0x13,0xc,0.1,1,1,1,1,1,1,1,1,1,1,1,1,0x0,0x7,0x4,0x8,0x6,0xb,0x5,0xb,0x8,0x9,0xa,0xb,0xc,0xd,0xe,0xf,0,0,0,0,1,1,0,0,0,0
Ike,29,0x1d,0.15,0,0.869,0.2,0.5,0.75,0.044,1.5,0.0724,0.01,1.5,0x6,0.95,0.9,1.2,1,29.9,16,31,0.04,0.01,1.08,0.009,0.092,1.65,0.009,2.64,14,18,19,15,23,107,0x2,10,2.5,0x0,0.027,1,3,0x4,0x23,0.3,1,10.9,35.679428,0x2,3.815,1.05,1.8,0.5,0,0,1.3,0.7,0x23,0.082308,0.03,1.10476,1.023333,1,0.12,0,0.869,1.2,0.96,0.6,34.95,0.5,1.3,2.4,1.3,0x14,0.2,0.8,0x6,0x1e,3,1,0x1,30,30,0,0,0,0x0,35,0x5,45,0x3,0x3c,0x3c,0x3c,1,0x1,1.2,21.5,1.15,1.05,1.5,15,17,0x10,0x0,0x0,0x2,0,0,0x2,0,-5,5,4.8,1,0.2,0xf,8,22,-9,12,-8,8,9,-9,10,-8,0x13,-2,0,0.75,20,0x3,1.5,0,1.5,7.8,0.8,1,6,6,2,2,3.953488,7,17,14,3.75,7.5,15,15,0.55,0.25,0,17.5,0.08,1,0.05,0.6,0.01,0.3,0x10,1.4,1.8,0x11,0x17,10,6,3,0x3c,0x1,25,0x2,0,0x0,0x1,0x0,0x0,0x0,0x0,0x1,0x0,0x2,0,1.5,9.3,0.9,1,2.6,0x10,1.3,0,6.422,0,0,7.492333,0,6.422,0x3,0,0,0,8.75,0xc,1,0,0,0,1,1,1,1,1,1,1,1,1,1,1,1,1,1,1,1,1,1,1,1,1,1,1,1,1,1,1,1,1,1,1,1,1,1,1,1,1,1,1,1,1,1,1,1,1,1,1,1,1,1,1,0,11,4.5,0x1,0x3,0x0,0x1,0x1,0x1,0x1,0x0,64,24,12,40,4,25,11,27,0,0,4,18,22,0x0,0x0,0x0,0x0,0x0,0x0,0x0,0x0,0x0,0x1,0x1,0x0,0.01,0xd,0xf,0x15,0,5,-1,0,60,120,3,-1,0.8,0.27,1,7.5,15,0x3,0x13,0x0,1,1,1,1,1,1,1,1,1,1,1,1,1,0x0,0x2,0x0,0x5,0x3,0x8,0xb,0xa,0x8,0x9,0xa,0xb,0xc,0xd,0xe,0xf,0,0,0,0,1,1,0,0,0,0
Lucario,30,0x1e,0.2,0.1,1.05,0.2,0.5,0.75,0.0736,1.8,0.15,0.04,1.55,0x5,0.68,0.8,1.7,0.85,37.62,18.193617,37.62,0.07,0,1.09,0.005,0.084,1.68,0.005,2.688,9,18,15,22,9,99,0x2,10,2.5,0x0,0.015,1,3,0x6,0x23,0.3,1.05,8.96,45.646511,0x2,3.136,0.9,1.8,1.6,0,0,1.3,0.7,0x22,0.076154,0.03,1.032,0.996667,1,0.16,0.08,1.05,1.44,1.152,0.6,38.81,0.5,1.4,2.8,1.3,0x14,0.2,0.8,0x6,0x1e,3,1,0x1,30,30,0,0,0,0x0,35,0x5,45,0x3,0x3c,0x3c,0x3c,1,0x1,1.25,19,1,0.9,1.5,12,16,0x10,0x0,0x0,0x2,0,-5,0x2,0,-5,4,6.5,0.7,0.2,0x4,7.5,22,-9,11.25,-7.5,7.5,9,-9,9.25,-7.5,0x13,0,0,0.75,18,0x3,0,1,1.4,6.5,0,1,7,7,2,2,3.953488,6,17,12,3.375,8,13.5,15,0,0,0,15,0.08,1,0.05,0.6,0.01,0.3,0x10,1.4,1.8,0x11,0x17,10,6,3,0x3c,0x1,30,0x0,1,0x0,0x0,0x0,0x0,0x0,0x0,0x1,0x1,0x2,1,1,8,0.9,1,2.4,0xf,1.2,0,5.472,0,0,6.384,0,5.472,0x3,0,0,0,7.5,0xc,1,0,0,0,1,1,1,1,1,1,1,1,1,1,1,1,1,1,1,1,1,1,1,1,1,1,1,1,1,1,1,1,1,1,1,1,1,1,1,1,1,1,1,1,1,1,1,1,1,1,1,1,1,1,1,0,9,3.6,0x1,0x3,0x0,0x1,0x1,0x1,0x1,0x0,0,0,23,5,31,7,15,27,38,4,4,16,20,0x1,0x0,0x1,0x1,0x0,0x0,0x0,0x0,0x0,0x1,0x1,0x0,0.95,0x12,0xf,0x15,1,4,-0.5,0,30,150,0,1,1,0.35,1,6.234,12.468,0x3,0x13,0x0,1,0.7,0.5,3,0.7,0.5,3,0.65,0.4,3,0.65,0.4,3,0x5,0x8,0x6,0xb,0x6,0x5,0x4,0x8,0x8,0x9,0xa,0xb,0xc,0xd,0xe,0xf,0,0,0,0,1,1,0,0,0,0
R.O.B.,31,0x1f,0.2,0.1,1.122,0.2,0.5,0.75,0.06,1.3,0.1128,0.04,1.568,0x5,0.72,0,1.1,0,38,18.378603,38,0.045,0.04,1.08,0.015,0.09,1.6,0.02,2.56,12,15,22,22,21,106,0x2,10,2.5,0x0,0.045,1,3,0x7,0x23,0.3,1,12.48,46.106945,0x2,4.368,1.2,1.4,0.5,0,0,1.3,0.7,0x24,0.081538,0.03,1.10488,1.02,1,0.16,0.08,1.122,1.04,0.832,0.6,39,0.5,1.3,2.1,1.3,0x14,0.2,0.8,0x6,0x1e,3,1,0x1,30,0,0,0,0,0x0,35,0x5,45,0x3,0x3c,0x3c,0x3c,1,0x1,1.18,21,1.3,1.2,1.8,14,16,0x10,0x1,0x0,0x2,0,0,0x2,0,-5,5,5.5,0.7,0.2,0xc,9.5,22,-9,14.25,-9.5,9.5,9,-9,12.25,-9.5,0x42c,-1,0,0.75,24.5,0x429,0,-2.5,2,7.8,-0.5,1,7.5,6,2,2,4.302326,6,18.5,12,4,7.5,16,15,0,0,0,17,0.08,1,0.05,0.6,0.01,0.3,0x10,1.4,1.8,0x41a,0x421,10,6,3,0x3c,0x1,20,0x2,0.5,0x0,0x1,0x0,0x0,0x0,0x0,0x1,0x1,0x2,0,0,10.5,0.9,1,2.94,0x10,1.47,0,8.21142,0,0,9.57999,0,8.21142,0x3,0,0,0,8.5,0xd,1,0,0,0,1,1,1,1,1,1,1,1,1,1,1,1,1,1,1,1,1,1,1,1,1,1,1,1,1,1,1,1,1,1,1,1,1,1,1,1,1,1,1,1,1,1,1,1,1,1,1,1,1,1,1,0,10,8,0x1,0x2,0x0,0x1,0x1,0x1,0x1,0x0,0,0,0,0,0,0,0,0,0,0,0,0,0,0x0,0x0,0x0,0x0,0x0,0x0,0x1,0x0,0x0,0x1,0x1,0x0,0.01,0x42a,0x416,-0x1,-2.5,4.5,-1,0,30,150,20,-4,1,0.68,1,6.234,15,0x3,0x42b,0x0,1,0.22,0.06,0.04,0.22,0.06,0.04,0.13,0.04,0.02,0.13,0.04,0.02,0xa,0xa,0x2,0x8,0x5,0x4,0x6,0x0,0x8,0x9,0xa,0xb,0xc,0xd,0xe,0xf,0,0,0,0,1,1,0,0,0,0
Toon Link,32,0x20,0.1,0.1,1.2265,0.2,0.5,0.75,0.0547,1.5,0.0998,0.04,1.7325,0x5,0.95,0.8,1.3,0.9,33.8,16.320242,33.8,0.08,0.01,0.94,0.01,0.079,1.28,0.01,2.048,12,18,17,21,40,93,0x2,10,2.5,0x0,0.03,1,3,0x5,0x23,0.3,1,8.2,41.0252,0x2,2.87,0.95,1.4,1.2,0,0,1.3,0.7,0x28,0.071538,0.03,0.97906,0.976667,1,0.08,0.08,1.2265,1.2,0.96,0.6,36.9,0.5,1.3,2.3,1.3,0x14,0.2,0.8,0x6,0x1e,3,1,0x1,24,24,0,0,40,0x0,35,0x5,45,0x3,0x3c,0x3c,0x3c,1,0x1,1.4,16.5,0.95,0.95,1.5,8,10,0x10,0x0,0x0,0x2,0,0,0x2,0,-7,4.5,5,1,0.2,0x7,5.5,22,-9,8.25,-5.5,5.5,9,-9,6.25,-5.5,0x13,0,0,0.75,15.5,0x12,0,-1.3,0,5.5,0.6,1,6.5,6,2,2,3.953488,6,17,12,3.5,7,14,14,0,0.2,0,12.5,0.08,1,0.05,0.6,0.01,0.3,0x10,1.4,1.8,0x11,0x17,10,6,3,0x3c,0x0,30,0x0,0,0x0,0x1,0x0,0x0,0x0,0x0,0x1,0x0,0x2,1,2,6.3,0.9,1,2.4,0xe,1.2,0,5.472,0,0,6.384,0,5.472,0x3,0,0,0,6.25,0xd,1,0,0,0,1,1,1,1,1,1,1,1,1,1,1,1,1,1,1,1,1,1,1,1,1,1,1,1,1,1,1,1,1,1,1,1,1,1,1,1,1,1,1,1,1,1,1,1,1,1,1,1,1,1,1,0,8.5,4,0x2,0x3,0x0,0x1,0x2,0x1,0x1,0x0,17,46,5,24,3,18,2,15,0,0,4,17,22,0x0,0x0,0x1,0x0,0x1,0x0,0x0,0x0,0x1,0x1,0x1,0x0,0.01,0x12,0x11,0x17,1,3,-1,0,30,150,2.5,-1,1,0.65,1,6.234,12.468,0x3,0x13,0x0,1,0.5,0.7,2,0.55,0.75,2,0.5,0.7,2,0.5,0.7,2,0x4,0x0,0x5,0x8,0x3,0xb,0x8,0x4,0x8,0x9,0xa,0xb,0xc,0xd,0xe,0xf,0,0,0,0,1,1,0,0,0,0
Charizard,33,0x21,0.12,0,1.2,0.2,0.5,0.75,0.04,1,0.0963,0.015,2,0x6,0.85,0.85,1.5,0.9,32,15.42625,36,0.05,0.01,0.92,0.008,0.11,1.4,0.008,2.24,20,22,24,20,33,116,0x3,10,2.5,0x0,0.024,1,4,0x6,0x23,0.3,1,11.74,38.853573,0x3,4.109,1.35,1,2.5,0,0,1.3,0.7,0x27,0.089231,0.03,1.208,1.053333,1,0.096,0,1.2,0.8,0.64,0.6,36,0.5,1.3,2.6,1.3,0x14,0.2,0.8,0x6,0x1e,3,1,0x1,29,29,0,0,0,0x0,35,0x5,45,0x3,0x3c,0x3c,0x3c,1,0x1,1.35,20,1.5,1.35,1.5,18,20,0x10,0x0,0x0,0x2,0,0,0x2,0,-5,3.5,7.2,1,0.2,0xc,10,23,-9,15,-10,10,9,-9,13,-10,0x13,-2,0,0.75,25,0x12,-2,-0.5,0,8.5,-0.9,1,8,7,2,2,5.232558,5.5,22.5,11,5,7,20,14,0,0,0,16,0.08,1,0.05,0.6,0.01,0.3,0x10,1.4,1.8,0x11,0x17,10,7,3,0x3c,0x2,30,0x3,1,0x0,0x0,0x0,0x0,0x0,0x0,0x0,0x1,0x2,-1,0,12,0.816335,1,3,0x11,1.5,0,8.55,0,0,9.975,0,8.55,0x3,0,0,0,8,0xd,1,0,0,0,1,1,1,1,1,1,1,1,1,1,1,1,1,1,1,1,1,1,1,1,1,1,1,1,1,1,1,1,1,1,1,1,1,1,1,1,1,1,1,1,1,1,1,1,1,1,1,1,1,1,1,0,10,8.5,0x2,0x3,0x0,0x1,0x1,0x1,0x2,0x0,76,30,36,15,29,11,0,0,0,0,5,16,21,0x0,0x0,0x0,0x0,0x0,0x2,0x1,0x0,0x0,0x1,0x1,0x0,0.01,0x12,0x3ef,0x15,0,5,-0.5,0,30,150,24,1,1,0.36,1,6.234,17,0x3,0x13,0x0,1,0.5,0.7,2,0.55,0.75,2,0.5,0.7,2,0.5,0.7,2,0x1,0x0,0x3,0x7,0x1,0xa,0x5,0x8,0x8,0x9,0xa,0xb,0xc,0xd,0xe,0xf,0,0,0,0,1,1,0,0,0,0
Sonic,34,0x22,0.1,0.1,1.375,0.2,0.5,0.75,0.06,1.5,0.15,0.04,3.5,0x5,0.6,0.5,1,0.9,35,16.887465,35,0.04,0.01,1.15,0.01,0.09,1.45,0.01,2.32,16,26,30,21,38,94,0x2,10,2.5,0x0,0.03,1,3,0x5,0x23,0.3,0.97,9.4,42.488163,0x2,3.29,1,1.8,1,0,0,1.3,0.7,0x26,0.072308,0.03,0.995,0.98,1,0.08,0.08,1.375,1.2,0.96,0.6,37.5,0.5,1.3,2.3,1.3,0x14,0.2,0.7,0x6,0x1e,3,1,0x1,24,24,0,0,0,0x0,35,0x5,45,0x3,0x3c,0x3c,0x3c,1,0x1,1.35,19,1,1,1.5,13,16,0x10,0x0,0x0,0x2,0,0,0x2,0,-5,5.5,5.1,1,0.2,0xf,8,22,-9,12,-8,8,9,-9,10,-8,0x12,0,0,0.75,18.5,0x3,0,-0.2,0,6.9,-0.4,1,6,6,2,2,3.72093,6,16,12,3.5,6.7,14,13,0,0.3,0,15,0.08,1,0.05,0.6,0.01,0.3,0x10,1.4,1.8,0x11,0x17,10,6,3,0x3c,0x0,40,0x0,1,0x0,0x0,0x0,0x0,0x0,0x0,0x1,0x0,0x2,1,1.5,7.7,0.9,1,2.6,0xe,1.3,0,6.422,0,0,7.492333,0,6.422,0x3,0,0,0,7.5,0xd,1,0,0,0,1,1,1,1,1,1,1,1,1,1,1,1,1,1,1,1,1,1,1,1,1,1,1,1,1,1,1,1,1,1,1,1,1,1,1,1,1,1,1,1,1,1,1,1,1,1,1,1,1,1,1,0,8,3.5,0x1,0x3,0x0,0x1,0x1,0x1,0x1,0x0,41,19,25,11,16,7,14,6,0,0,4,18,21,0x0,0x0,0x1,0x0,0x0,0x0,0x1,0x0,0x0,0x1,0x1,0x0,0.01,0xd,-0x1,-0x1,0.5,5,-1,0,30,150,0,-1,1,0.3,1,6.234,12.468,0x3,0x13,0x0,1,2,0.8,0.35,2,0.8,0.35,3,0.7,0.2,3,0.7,0.25,0x5,0x5,0x5,0xa,0xb,0x5,0x5,0x5,0x8,0x9,0xa,0xb,0xc,0xd,0xe,0xf,0,0,0,0,1,1,0,0,0,0
Jigglypuff,35,0x23,0.16,0.1,0.7,0.2,0.5,0.75,0.0718,1.4,0.0829,0.04,1.155,0x6,0.7,1,1.35,0,19.786329,11.260982,19.786329,0.08,0.05,1.269,0.0375,0.053088,0.98,0.0375,1.568,15,15,18,15,30,68,0x6,10,2.5,0x0,0.1125,1,3,0x4,0x23,0.3,1,9.1,936.83905,0x1,3.185,0.8,1.5,0.8,0,0,1.3,0.7,0x2d,0.052308,0.03,0.708,0.893333,0.95,0.128,0.08,0.7,1.12,0.896,0.6,29.893164,0.5,1.3,1.6,1.3,0x14,0.2,0.8,0x6,0x1e,3,1,0x1,30,0,0,0,0,0x0,35,0x5,45,0x3,0x3c,0x3c,0x3c,1,0x1,1.3,17.5,1,0.8,1.5,12,14,0x10,0x0,0x0,0x2,0,0,0x2,0,-5,2,3,0.9,0.2,0x9,6,22,-9,9,-6,6,9,-9,7,-6,0x13,-2,3,0.9,17.5,0xd,0.5,0.8,0.5,4.8,-0.6,1,3,3,2,2,3.72093,5,16,10,3.2,5,12.8,12,0,0,0,9.5,0.08,1,0.05,0.6,0.01,0.3,0x10,1.4,1.8,0x11,0x17,10,6,3,0x3c,0x0,40,0x0,0.3,0x0,0x1,0x0,0x0,0x0,0x0,0x1,0x0,0x2,1.5,0,6.5,0.9,1,2.42,0xa,1.21,0,5.56358,0,0,6.490843,0,5.56358,0x3,0,0,0,4.75,0xd,1,0,0,0,1,1,1,1,1,1,1,1,1,1,1,1,1,1,1,1,1,1,1,1,1,1,1,1,1,1,1,1,1,1,1,1,1,1,1,1,1,1,1,1,1,1,1,1,1,1,1,1,1,1,1,0,8.7,4.8,0x1,0x2,0x0,0x1,0x1,0x1,0x2,0x0,43,28,35,12,24,9,17,6,0,0,7,15,23,0x0,0x0,0x0,0x0,0x0,0x1,0x1,0x0,0x1,0x1,0x1,0x0,0.85,0xd,0x15,0xf,-2,0,-1,0,30,150,16,-3,1,0.75,1,6.234,12.468,0x3,0x3e8,0x0,1,1,1,1,1,1,1,1,1,1,1,1,1,0x7,0x7,0x7,0x7,0x7,0x7,0x7,0x7,0x8,0x9,0xa,0xb,0xc,0xd,0xe,0xf,0,0,0,0,1,1,0,0,0,0
Dr. Mario,36,0x24,0.1,0.1,1.1,0.2,0.5,0.75,0.045,1.6,0.0998,0.04,1.6,0x5,0.95,0.8,1.3,0.9,36.331814,17.539339,36.331814,0.07,0.01,1.15,0.015,0.08715,1.5,0.015,2.4,12,28,16,14,21,98,0x2,10,2.5,0x0,0.045,1,3,0x4,0x23,0.3,1,9.24,44.1,0x2,3.234,0.95,2,0.5,0,0,1.3,0.7,0x25,0.075385,0.03,1.024,0.993333,1,0.08,0.08,1.1,1.28,1.024,0.6,38.165905,0.5,1.3,2.3,1.3,0x14,0.2,0.7,0x6,0x1e,3,1,0x1,24,24,0,0,0,0x0,35,0x5,45,0x3,0x3c,0x3c,0x3c,1,0x1,1.45,18,0.95,0.95,1.5,11,15,0x10,0x0,0x0,0x2,0,0,0x2,0,-5,3,5.7,1,0.2,0x0,7,22,-9,10.5,-7,7,9,-9,8.5,-7,0x13,0,0,0.75,16,0xd,1,0,1,6,0,1,7,6,2,2,3.72093,6,16,12,3,6.5,12,13,0.2,0.2,0,14,0.08,1,0.05,0.6,0.01,0.3,0x10,1.4,1.8,0x11,0x17,10,6,3,0x3c,0x1,30,0x1,0.5,0x0,0x1,0x0,0x0,0x0,0x0,0x1,0x0,0x2,1,1.2,8.2,0.9,1,2.44,0xf,1.22,0,5.65592,0,0,6.598573,0,5.65592,0x3,0,0,0,7,0xc,1,0,0,0,1,1,1,1,1,1,1,1,1,1,1,1,1,1,1,1,1,1,1,1,1,1,1,1,1,1,1,1,1,1,1,1,1,1,1,1,1,1,1,1,1,1,1,1,1,1,1,1,1,1,1,0,9,5,0x1,0x3,0x0,0x1,0x1,0x1,0x1,0x0,52,18,32,12,21,8,18,7,0,0,4,14,18,0x0,0x0,0x1,0x0,0x0,0x0,0x1,0x0,0x1,0x0,0x1,0x0,0.9,0x12,0xf,0x15,1.5,1,-1,0,30,150,0,-1.5,1,0.6,1,6.234,12.468,0x3,0x13,0x0,1,2,0.8,0.35,2,0.8,0.35,3,0.7,0.2,3,0.7,0.25,0xa,0x0,0x6,0x4,0xb,0x2,0x8,0x7,0x8,0x9,0xa,0xb,0xc,0xd,0xe,0xf,0,0,0,0,1,1,0,0,0,0
Lucina,37,0x25,0.18,0,1.5,0.2,0.5,0.75,0.055,1.5,0.082,0.01,1.785,0x5,0.95,0.8,1.2,1,33.660133,16.263107,33.660133,0.07,0.01,1.02,0.00375,0.075,1.58,0.00375,2.528,12,16,17,14,24,90,0x2,10,2.5,0x0,0.01125,1,3,0x4,0x23,0.3,0.92,11.46,40.849941,0x2,4.116,1.05,1.8,0.5,0,0,1.3,0.7,0x25,0.069231,0.03,0.96,0.966667,1,0.144,0,1.5,1.2,0.96,0.6,36.830067,0.5,1.3,2.4,1.3,0x14,0.2,0.8,0x6,0x1e,3,1,0x1,30,0,0,0,0,0x0,35,0x5,45,0x3,0x3c,0x3c,0x3c,1,0x1,1.25,23,1.08,1.05,1.5,13,17,0x10,0x0,0x0,0x2,0,-7,0x2,0,-7,5,5,1,0.2,0x0,8,22,-9,13.95,-9.3,10.3,9,-9,13.45,-10.3,0x13,-2,0,0.75,19.8,0xc,-0.5,-2.2,0,7,0.5,1,6,6,2,2,3.488372,6.5,15,13,3.25,7.5,13,15,0.15,0.6,0,19,0.08,1,0.05,0.6,0.01,0.3,0x10,1.4,1.8,0x11,0x17,10,6,3,0x3c,0x0,20,0x1,0.5,0x0,0x1,0x0,0x0,0x0,0x0,0x1,0x0,0x2,-0.2,1.5,8.9,0.9,1,2.4,0xd,1.2,0,5.472,0,0,6.384,0,5.472,0x3,0,0,0,9.5,0xc,1,0,0,0,1,1,1,1,1,1,1,1,1,1,1,1,1,1,1,1,1,1,1,1,1,1,1,1,1,1,1,1,1,1,1,1,1,1,1,1,1,1,1,1,1,1,1,1,1,1,1,1,1,1,1,0,8.5,6.5,0x2,0x2,0x0,0x1,0x1,0x1,0x1,0x0,21,49,2,25,2,17,4,12,0,0,6,17,22,0x0,0x0,0x0,0x0,0x0,0x0,0x0,0x0,0x0,0x1,0x1,0x0,0.01,0xd,-0x1,-0x1,1,5,-1,0,60,120,1.5,2,0.8,0.25,1,7.5,15,0x3,0x13,0x0,1,1,1,1,1,1,1,1,1,1,1,1,1,0x5,0x4,0xb,0x0,0x0,0x2,0xb,0x7,0x8,0x9,0xa,0xb,0xc,0xd,0xe,0xf,0,0,0,0,1,1,0,0,0,0
Dark Pit,38,0x26,0.2,0.1,1.199,0.2,0.5,0.75,0.0505,1.5,0.1134,0.04,1.66215,0x5,0.8,0.9,1.1,1,31,14.955608,31,0.065,0.01,0.89,0.008,0.081,1.48,0.008,2.368,24,20,20,24,24,96,0x4,10,2.5,0x0,0.024,1,4,0x4,0x23,0.3,1,10.5,37.633354,0x2,3.675,1.13,1.8,1.1,0,0,1.3,0.7,0x25,0.073846,0.03,1.00796,0.986667,1,0.16,0.08,1.199,1.2,0.96,0.6,35.5,0.5,1.3,2.6,1.3,0x14,0.2,0.8,0x14,0x1e,3,1,0x1,27,27,0,0,0,0x5,35,0x5,45,0x3,0x3c,0x3c,0x3c,0.9,0x1,1.3,20.5,1.1,1.13,1.5,13,17,0x10,0x0,0x0,0x2,0,-5,0x2,0,-7,5,6.2,1,0.2,0xd,8,22,-9,12,-8,8,9,-9,10,-8,0x13,0,0,0.75,19,0x3,0,0,2,7.2,0,1,6.5,6,2,2,3.953488,6.5,17,13,3.625,5.75,14.5,11.5,0.5,0.4,0,16.5,0.08,1,0.05,0.6,0.01,0.3,0x10,1.4,1.8,0x11,0x17,10,6,3,0x3c,0x1,30,0x1,0.5,0x0,0x1,0x0,0x0,0x0,0x0,0x1,0x0,0x2,1.3,1.5,8.1,0.889773,1,2.6,0xe,1.3,0,6.422,0,0,7.492333,0,6.422,0x3,0,0,0,8.25,0xc,1,0,0,0,1,1,1,1,1,1,1,1,1,1,1,1,1,1,1,1,1,1,1,1,1,1,1,1,1,1,1,1,1,1,1,1,1,1,1,1,1,1,1,1,1,1,1,1,1,1,1,1,1,1,1,0,9.2,4,0x2,0x3,0x1,0x1,0x1,0x1,0x2,0x0,21,39,11,31,9,22,8,20,0,0,5,18,21,0x0,0x0,0x0,0x0,0x0,0x0,0x0,0x0,0x0,0x0,0x1,0x0,0.01,0xd,0xf,0x15,0,5,-1,0,70,110,3,1.5,0.8,0.31,1,6.234,12.468,0x3,0x13,0x0,1,1,1,1,1,1,1,1,1,1,1,1,1,0xb,0x4,0xb,0x2,0x0,0x5,0xa,0x8,0x8,0x9,0xa,0xb,0xc,0xd,0xe,0xf,0,0,0,0,1,1,0,0,0,0
Rosalina and Luma,39,0x27,0.2,0.1,1.0835,0.2,0.5,0.75,0.068,1.5,0.1181,0.04,1.632,0x5,0.72,0.7,1.1,0.9,40,19.370632,40,0.1,0.01,1,0.01,0.062,1.2,0.01,1.92,11,20,16,18,20,77,0x2,10,2.5,0x0,0.03,1,3,0x7,0x23,0.3,1,11.1,48.520573,0x2,3.885,0.9,1.8,1.5,0,0,1.3,0.7,0x2a,0.059231,0.03,0.81334,0.923333,1,0.16,0.08,1.0835,1.2,0.96,0.6,40,0.5,1.3,2.2,1.3,0x14,0.2,0.8,0x6,0x1e,3,1,0x1,30,30,0,0,0,0x6,35,0x5,45,0x3,0x3c,0x3c,0x3c,0.3,0x1,1.21,21,1.1,0.9,1.5,13,17,0x10,0x0,0x0,0x2,0,-7,0x2,0,-7,5,6,0.7,0.2,0xf,9.5,22,-9,14.25,-9.5,9.5,9,-9,12.25,-9.5,0x13,0,0,0.75,23,0x3,0,0,0,6.5,0,1,6,6.3,2,2,3.72093,7,16,14,3.5,7.5,14,15,0.3,0.35,0,17,0.08,1,0.05,0.6,0.01,0.3,0x10,1.4,1.8,0x11,0x17,10,6,3,0x3c,0x0,30,0x0,0.5,0x0,0x1,0x0,0x0,0x0,0x0,0x1,0x2,0x2,-2.2,1,9.6,0.9,1,2.7,0xb,1.35,0,6.9255,0,0,8.07975,0,6.9255,0x3,0,0,0,8.5,0xc,1,0,0,0,1,1,1,1,1,1,1,1,1,1,1,1,1,1,1,1,1,1,1,1,1,1,1,1,1,1,1,1,1,1,1,1,1,1,1,1,1,1,1,1,1,1,1,1,1,1,1,1,1,1,1,0,11.5,4.5,0x2,0x3,0x1,0x1,0x1,0x1,0x1,0x0,0,0,85,27,53,16,0,0,0,0,0,0,0,0x1,0x0,0x0,0x0,0x0,0x3,0x0,0x0,0x0,0x1,0x0,0x0,0.01,0xd,-0x1,-0x1,-2,5,-1,0,30,150,4,4,1,0.55,1,8,17,0x3,0x13,0x0,1,1,1,1,1,1,1,1,1,1,1,1,1,0x6,0x7,0x2,0x3,0x0,0x8,0xb,0xa,0x8,0x9,0xa,0xb,0xc,0xd,0xe,0xf,0,0,0,0,1,1,0,0,0,0
Wii Fit Trainer,40,0x28,0.1,0.1,1.166,0.2,0.5,0.75,0.06,1.5,0.0998,0.04,1.696,0x5,0.95,0.8,1.3,0.9,35.6,17.179214,35.6,0.08,0.01,0.97,0.01,0.09,1.3,0.01,2.08,14,15,20,15,20,96,0x2,10,2.5,0x0,0.03,1,3,0x7,0x23,0.3,0.96,11.2,43.21534,0x2,3.92,0.95,0.7,0.5,0,0,1.3,0.7,0x28,0.073846,0.03,1.00664,0.986667,1,0.08,0.08,1.166,1.2,0.96,0.6,37.8,0.5,1.3,2.3,1.3,0x14,0.2,0.7,0x6,0x1e,3,1,0x1,24,24,0,0,0,0x0,35,0x5,45,0x3,0x3c,0x3c,0x3c,0.8,0x1,1.45,18,0.95,0.95,1.5,11,16,0x10,0x0,0x0,0x2,0,-5,0x2,0,-7,6.5,4.5,1,0.2,0x0,8,22,-9,12,-8,8,9,-9,10,-8,0x13,0,0,0.75,20,0xd,0,0,1,6.5,1.1,1,7,6,2,2,3.72093,6,16,12,3,6.5,12,13,0.3,0.3,0,14,0.08,1,0.05,0.6,0.01,0.3,0x10,1.4,1.8,0x11,0x17,10,6,3,0x3c,0x1,30,0x1,0.5,0x0,0x1,0x0,0x0,0x0,0x0,0x1,0x0,0x2,2.8,1.5,7.3,0.9,1,2.58,0xe,1.29,0,6.32358,0,0,7.37751,0,6.32358,0x3,0,0,0,7,0xc,1,0,0,0,1,1,1,1,1,1,1,1,1,1,1,1,1,1,1,1,1,1,1,1,1,1,1,1,1,1,1,1,1,1,1,1,1,1,1,1,1,1,1,1,1,1,1,1,1,1,1,1,1,1,1,0,12.8,1.5,0x1,0x3,0x0,0x1,0x1,0x1,0x1,0x0,83,31,30,10,8,27,11,30,49,68,4,18,21,0x1,0x0,0x1,0x0,0x0,0x0,0x0,0x0,0x0,0x0,0x1,0x0,0.01,0x12,0x15,0xf,-2,4,-1,0,85,95,3.5,0,1,0.26,1,8,16,0x3,0x13,0x0,1,1,0.8,0.75,1,0.8,0.75,1,0.8,0.75,1,0.8,0.75,0x6,0xb,0x3,0x3,0x0,0x0,0x2,0x2,0x8,0x9,0xa,0xb,0xc,0xd,0xe,0xf,0,0,0,0,1,1,0,0,0,0
Little Mac,41,0x29,0.15,0.1,1.32,0.2,0.5,0.75,0.07,2.05,0.1618,0.02,2.24,0x5,0.9,0.75,2.1,0.9,26,12.526741,26,0.028,0.01,1,0.0075,0.08,1.8,0.0075,2.88,16,22,26,22,30,82,0x2,10,2.5,0x0,0.0225,1,3,0x3,0x23,0.3,1.09,9.35,31.572279,0x2,3.2725,1.03,1.4,0.5,0,0,1.3,0.7,0x21,0.063077,0.03,0.8728,0.94,1,0.12,0.08,1.32,1.64,1.312,0.6,33,0.5,1.4,2.6,1.3,0x14,0.2,0.8,0x6,0x1e,3,1,0x1,30,30,0,0,0,0x4,35,0x8,45,0x3,0x3c,0x3c,0x3c,1,0x1,1.2,27,1.15,1.03,1.5,11,16,0x10,0x0,0x0,0x2,0,-2,0x2,0,-7,5.5,3.8,2,0.2,0x0,6.5,22,-9,9.75,-6.5,6.5,9,-9,7.75,-6.5,0x13,-1,0,0.75,17.6,0x3,0,-0.8,0,6.5,0.5,1,5.5,6,2,2,4.186047,6,18,12,3.625,7.5,14.5,15,-0.1,0.1,0,18,0.08,1,0.05,0.6,0.01,0.3,0x10,1.4,1.8,0x11,0x17,10,6,3,0x3c,0x0,30,0x1,1,0x0,0x0,0x0,0x0,0x0,0x0,0x1,0x0,0x2,1.2,1,8,0.9,1,2.44,0xc,1.22,0,5.65592,0,0,6.598573,0,5.65592,0x3,0,0,0,9,0xc,1,0,0,0,1,1,1,1,1,1,1,1,1,1,1,1,1,1,1,1,1,1,1,1,1,1,1,1,1,1,1,1,1,1,1,1,1,1,1,1,1,1,1,1,1,1,1,1,1,1,1,1,1,1,1,0,6,4.5,0x1,0x3,0x1,0x1,0x1,0x1,0x1,0x0,0,0,71,30,21,66,4,13,20,29,4,17,21,0x0,0x0,0x1,0x0,0x0,0x0,0x0,0x0,0x0,0x1,0x1,0x0,0.01,0x12,0xf,0x15,1,2,-1,0,50,120,-2.5,-1,1,0.25,1,6.234,12.468,0x3,0x13,0x0,1,1,0.8,0.8,1,0.8,0.8,1,0.8,0.8,1,0.8,0.8,0xb,0x2,0xa,0x5,0x5,0x2,0xb,0x7,0x4,0x4,0x4,0x4,0x4,0x4,0x4,0x4,0,0,0,0,1,1,0,0,0,0
Villager,42,0x2a,0.1,0.1,1.04,0.2,0.5,0.75,0.06,1.5,0.0998,0.04,1.27,0x5,0.95,0.8,1.3,0.9,32.5,15.689452,32.5,0.05,0.01,0.94,0.01,0.078,1.32,0.01,2.112,14,23,23,15,15,97,0x2,10,2.5,0x0,0.03,1,3,0x8,0x23,0.3,1,8.3,39.44894,0x2,2.905,0.95,1.8,1,0,0,1.3,0.7,0x28,0.074615,0.03,1.0116,0.99,1,0.08,0.08,1.04,1.2,0.96,0.6,36.25,0.5,1.3,2.3,1.3,0x14,0.2,0.7,0x6,0x1e,3,1,0x1,24,0,0,0,0,0x0,40,0x2,45,0x3,0x3c,0x3c,0x3c,0.6,0x1,1.45,18,0.95,0.95,1.5,9,13,0x10,0x0,0x0,0x2,0,0,0x2,0,-3,4,4.5,1,0.2,0x0,6,22,-9,9,-6,6,9,-9,7,-6,0x13,0,0,0.75,16,0xd,1,0,1,6,0,1,7,6,2,2,3.72093,6,16,12,3,6.5,12,13,0,0,0,14,0.08,1,0.05,0.6,0.01,0.3,0x10,1.4,1.8,0x11,0x17,10,6,3,0x3c,0x1,30,0x1,0,0x0,0x1,0x0,0x0,0x0,0x0,0x1,0x0,0x2,1,1.3,7.7,0.9,1,2.5,0xe,1.25,0,5.9375,0,0,6.927083,0,5.9375,0x3,0,0,0,7,0xc,1,0,0,0,1,1,1,1,1,1,1,1,1,1,1,1,1,1,1,1,1,1,1,1,1,1,1,1,1,1,1,1,1,1,1,1,1,1,1,1,1,1,1,1,1,1,1,1,1,1,1,1,1,1,1,0,9,2.5,0x1,0x2,0x0,0x1,0x1,0x1,0x1,0x0,80,25,31,11,29,10,25,8,0,0,4,14,18,0x0,0x0,0x1,0x0,0x0,0x0,0x0,0x0,0x1,0x0,0x1,0x1,0.8,0x12,0xf,0x15,1,1,-1,0,30,150,2,-3,1,0.75,1,6.234,12.468,0x3,0x13,0x0,1,0.4,1.5,0.55,0.5,1.5,0.55,0.6,1.4,0.65,0.6,1.4,0.65,0x0,0x0,0x2,0x4,0x6,0x5,0x8,0x3,0x8,0x9,0xa,0xb,0xc,0xd,0xe,0xf,0,0,0,0,1,1,0,0,0,0
Palutena,43,0x2b,0.2,0.1,1.21,0.2,0.5,0.75,0.068,1.5,0.1181,0.04,1.888,0x5,0.72,0.7,1.1,0.9,35.9,17.303881,35.9,0.1,0.01,0.91,0.01,0.105,1.4,0.01,2.24,20,12,16,24,18,91,0x2,10,2.5,0x0,0.03,1,3,0x7,0x23,0.3,0.95,11.5,43.590145,0x2,4.025,0.9,0.8,1.2,0,0,1.3,0.7,0x27,0.07,0.03,0.9584,0.97,1,0.16,0.08,1.21,1.2,0.96,0.6,37.95,0.5,1.3,2.2,1.3,0x14,0.2,0.8,0x6,0x1e,3,1,0x1,0,0,0,0,0,0x3,35,0x5,45,0x3,0x3c,0x3c,0x3c,0.5,0x1,1.21,21,0.95,0.9,2.2,12,16,0x10,0x0,0x0,0x2,0,-3,0x2,0,-10,7,5,0.7,0.2,0xf,8.5,22,-9,12.75,-8.5,8.5,9,-9,10.75,-8.5,0x13,0,0,0.75,21,0x3,0,0,0,6.5,1.2,1,6,6.3,2,2,3.72093,7,16,14,3.5,7.5,14,15,0.3,0.35,0,17,0.08,1,0.05,0.6,0.01,0.3,0x10,1.4,1.8,0x11,0x17,10,6,3,0x3c,0x0,30,0x0,0,0x0,0x1,0x0,0x0,0x0,0x0,0x1,0x2,0x2,3,1,8.8,0.9,1,2.54,0xe,1.27,0,6.12902,0,0,7.150523,0,6.12902,0x3,0,0,0,8.5,0xc,1,0,0,0,1,1,1,1,1,1,1,1,1,1,1,1,1,1,1,1,1,1,1,1,1,1,1,1,1,1,1,1,1,1,1,1,1,1,1,1,1,1,1,1,1,1,1,1,1,1,1,1,1,1,1,0,10.5,3,0x1,0x1,0x1,0x1,0x1,0x1,0x1,0x0,58,23,32,12,30,10,0,0,0,0,6,18,24,0x0,0x0,0x0,0x0,0x0,0x3,0x0,0x0,0x0,0x1,0x0,0x0,0.01,0xd,-0x1,-0x1,-2,5,-1,0,80,100,3.5,2,0.6,0.27,1,8,16,0x3,0x13,0x0,1,1,1,1,1,1,1,1,1,1,1,1,1,0xa,0x7,0x8,0x3,0x5,0x0,0xb,0x8,0x8,0x9,0xa,0xb,0xc,0xd,0xe,0xf,0,0,0,0,1,1,0,0,0,0
Robin,44,0x2c,0.18,0,0.891,0.2,0.5,0.75,0.055,1.5,0.082,0.01,1.15,0x6,0.95,0.8,1.2,1,33.208813,16.018034,33.208813,0.07,0.01,1,0.007,0.089,1.5,0.00375,2.4,18,18,19,18,26,95,0x2,10,2.5,0x0,0.021,1,3,0x4,0x23,0.3,1,10.7,40.316494,0x2,3.745,1.05,1.8,0.5,0,0,1.3,0.7,0x25,0.073077,0.03,0.98564,0.983333,1,0.144,0,0.891,1.2,0.96,0.6,36.604404,0.5,1.3,2.4,1.3,0x14,0.2,0.8,0x6,0x1e,3,1,0x1,30,30,0,0,0,0x6,35,0x8,45,0x3,0x3c,0x3c,0x3c,1,0x1,1.25,23,1.05,1.05,1.5,12,15,0x10,0x0,0x0,0x2,0,-7,0x2,0,-9,4,4.5,1,0.2,0x0,8,22,-9,12,-8,8,9,-9,10,-8,0x13,-2,0,0.75,19,0xc,-0.5,-2.2,0,7,0,1,6,6,2,2,3.488372,6.5,15,13,3.25,7.5,13,15,0.1,0.4,0,19,0.08,1,0.05,0.6,0.01,0.3,0x10,1.4,1.8,0x11,0x17,10,6,3,0x3c,0x1,20,0x1,0,0x0,0x1,0x0,0x0,0x0,0x0,0x1,0x0,0x2,0,1.2,8.6,0.9,1,2.6,0xe,1.3,0,6.422,0,0,7.492333,0,6.422,0x3,0,0,0,9.5,0xc,1,0,0,0,1,1,1,1,1,1,1,1,1,1,1,1,1,1,1,1,1,1,1,1,1,1,1,1,1,1,1,1,1,1,1,1,1,1,1,1,1,1,1,1,1,1,1,1,1,1,1,1,1,1,1,0,10.5,2.5,0x2,0x3,0x1,0x1,0x1,0x1,0x1,0x0,40,92,22,59,12,37,10,28,0,0,5,18,21,0x0,0x0,0x0,0x0,0x0,0x0,0x0,0x0,0x0,0x1,0x1,0x0,0.01,0xd,-0x1,-0x1,2,5,-1,0,60,120,2,0,0.8,0.26,1,6.234,12.468,0x3,0x13,0x0,1,1,1,1,1,1,1,1,1,1,1,1,1,0xb,0xb,0x4,0x0,0x5,0x2,0xa,0x7,0x8,0x9,0xa,0xb,0xc,0xd,0xe,0xf,0,0,0,0,1,1,0,0,0,0
Duckhunt,45,0x2d,0.1,0.1,1.155,0.2,0.5,0.75,0.045,1.55,0.0998,0.04,1.63,0x4,0.95,0.8,1.3,0.9,34,16.477137,33.8,0.07,0.01,1.1,0.015,0.076,1.65,0.015,2.64,17,15,24,18,34,91,0x2,10,2.5,0x0,0.045,1,3,0x7,0x23,0.3,1,8.5,42.367996,0x2,2.975,1.1,2.5,0.9,0,0,1.3,0.7,0x23,0.07,0.03,0.9562,0.97,1,0.08,0.08,1.155,1.24,0.992,0.6,37,0.5,1.3,2.1,1.3,0x14,0.2,0.8,0x6,0x1e,3,1,0x1,30,30,0,0,0,0x6,35,0x5,45,0x3,0x3c,0x3c,0x3c,1,0x1,1.2,23,1.1,1.1,1.5,11,15,0x10,0x0,0x0,0x2,0,-3,0x2,0,-3,5,7,1,0.2,0x0,6,22,-9,9,-6,6,9,-9,7,-6,0x13,0,0,0.75,16,0xc,0,-2.1,2,7.4,-0.2,1,7,6,2,2,4.186047,7.5,18,15,3.375,8,13.5,14,0,-0.3,0,19,0.08,1,0.05,0.6,0.01,0.3,0x10,1.4,1.8,0x11,0x17,10,6,3,0x3c,0x1,30,0x1,1,0x0,0x0,0x0,0x0,0x0,0x0,0x1,0x1,0x2,3,1,9,0.9,1,2.52,0xe,1.26,0,6.03288,0,0,7.03836,0,6.03288,0x3,0,0,0,9.5,0xd,1,0,0,0,1,1,1,1,1,1,1,1,1,1,1,1,1,1,1,1,1,1,1,1,1,1,1,1,1,1,1,1,1,1,1,1,1,1,1,1,1,1,1,1,1,1,1,1,1,1,1,1,1,1,1,0,8,4,0x1,0x3,0x1,0x1,0x1,0x1,0x1,0x0,36,11,16,6,9,0,5,9,0,0,9,14,23,0x1,0x0,0x1,0x0,0x0,0x0,0x1,0x0,0x0,0x1,0x0,0x0,0.7,0x12,0x3ec,-0x1,-0.5,2,-1,0,80,100,2,1,1,0.25,1,6.234,12.468,0x3,0x13,0x0,1,1,1,1,1,1,1,1,1,1,1,1,1,0x9,0xb,0xb,0x9,0xa,0x9,0x2,0xb,0x8,0x9,0xa,0xb,0xc,0xd,0xe,0xf,0,0,0,0,1,1,0,0,0,0
Bowser Jr.,46,0x2e,0.1,0.1,0.88,0.2,0.5,0.75,0.045,1.6,0.0998,0.04,1.424,0x6,0.95,0.8,1.3,0.9,34.4,16.592869,34.4,0.07,0.01,1.08,0.015,0.092,1.65,0.015,2.64,18,27,24,15,25,108,0x2,10,2.5,0x0,0.045,1,3,0x7,0x23,0.3,1,10.3,41.762489,0x2,3.605,1.1,2.8,2.8,0,0,1.3,0.7,0x23,0.083077,0.03,1.1152,1.026667,1,0.08,0.08,0.88,1.28,1.024,0.6,37.2,0.5,1.3,2.1,1.3,0x14,0.2,0.8,0x6,0x1e,3,1,0x1,30,0,0,0,0,0x4,35,0x5,45,0x3,0x3c,0x3c,0x3c,1,0x1,1.2,23,1.3,1.1,1.5,14,16,0x10,0x0,0x0,0x2,0,-5,0x2,0,-10,5,5.5,1,0.2,0x8,8,22,-9,12,-8,8,9,-9,10,-8,0x13,0,0,0.75,20.5,0xc,0,-2.1,2,7.4,1.7,1,7,6,2,2,4.186047,7.5,18,15,3.375,8,13.5,14,0,-0.5,0,19,0.08,1,0.05,0.6,0.01,0.3,0x10,1.4,1.8,0x11,0x17,10,6,3,0x3c,0x1,30,0x1,0.5,0x0,0x1,0x0,0x0,0x0,0x0,0x1,0x1,0x2,1.8,1.5,9.9,0.9,1,2.98,0x10,1.49,0,8.43638,0,0,9.842443,0,8.43638,0x3,0,0,0,9.5,0xc,1,0,0,0,1,1,1,1,1,1,1,1,1,1,1,1,1,1,1,1,1,1,1,1,1,1,1,1,1,1,1,1,1,1,1,1,1,1,1,1,1,1,1,1,1,1,1,1,1,1,1,1,1,1,1,0,10.3,5.5,0x1,0x2,0x1,0x1,0x1,0x1,0x1,0x0,0,0,0,0,0,0,0,0,0,0,0,0,0,0x0,0x0,0x0,0x0,0x0,0x0,0x1,0x0,0x1,0x1,0x0,0x1,0.85,0xd,-0x1,-0x1,0,0,-1,0,30,150,12,-3,1,0.5,1,6.234,17,0x403,0x13,0x0,1,1,0.5,0.5,1,0.5,0.5,1,0.5,0.5,1,0.5,0.5,0x4,0x6,0x0,0x7,0x3,0xb,0x2,0x5,0x8,0x9,0xa,0xb,0xc,0xd,0xe,0xf,0,0,0,0,1,1,0,0,0,0
Shulk,47,0x2f,0.15,0,1.1,0.2,0.5,0.75,0.044,1.5,0.0724,0.01,1.52,0x5,0.95,0.9,1.2,1,34.8,16.797567,34.8,0.04,0.01,1.06,0.009,0.085,1.5,0.009,2.4,10,16,19,15,23,102,0x2,10,2.5,0x0,0.027,1,3,0x4,0x23,0.3,1,10.43,42.241882,0x2,3.6505,1.05,1.2,0.5,0,0,1.3,0.7,0x25,0.078462,0.03,1.064,1.006667,1,0.12,0,1.1,1.2,0.96,0.6,37.4,0.5,1.3,2.4,1.3,0x14,0.2,0.8,0x6,0x1e,3,1,0x1,30,30,0,0,0,0x0,35,0x5,45,0x3,0x3c,0x3c,0x3c,1,0x1,1.2,21.5,1.05,1.05,1.5,13,15,0x10,0x0,0x0,0x2,0,-3,0x2,0,-7,6.5,4.7,1,0.2,0xf,8.5,22,-9,12.75,-8.5,8.5,9,-9,10.75,-8.5,0x13,-2,0,0.75,21.3,0xc,1.5,0,1.5,7.8,0.9,1,6,6,2,2,3.953488,7,17,14,3.75,7.5,15,15,0.05,0.15,0,17.5,0.08,1,0.05,0.6,0.01,0.3,0x10,1.4,1.8,0x11,0x17,10,6,3,0x3c,0x1,25,0x1,1,0x0,0x0,0x0,0x0,0x0,0x0,0x1,0x1,0x2,0.8,1.5,8.5,0.9,1,2.64,0xf,1.32,0,6.62112,0,0,7.72464,0,6.62112,0x3,0,0,0,8.75,0xc,1,0,0,0,1,1,1,1,1,1,1,1,1,1,1,1,1,1,1,1,1,1,1,1,1,1,1,1,1,1,1,1,1,1,1,1,1,1,1,1,1,1,1,1,1,1,1,1,1,1,1,1,1,1,1,0,11.5,2.5,0x1,0x3,0x0,0x1,0x1,0x1,0x1,0x0,66,26,47,17,31,11,3,20,0,0,4,17,20,0x0,0x0,0x0,0x0,0x0,0x0,0x0,0x0,0x0,0x1,0x1,0x0,0.01,0xd,-0x1,-0x1,0.5,5,-1,0,30,150,-0.5,-0.5,1,0.3,1,6.234,12.468,0x3,0x13,0x0,1,1,1,1,1,1,1,1,1,1,1,1,1,0x0,0xa,0xb,0x1,0x5,0x7,0x2,0xb,0x8,0x9,0xa,0xb,0xc,0xd,0xe,0xf,0,0,0,0,1,1,0,0,0,0
Greninja,48,0x30,0.1,0.1,1.43,0.2,0.5,0.75,0.045,1.6,0.12,0.05,2.08,0x4,0.95,0.8,1.3,0.9,46,22.114738,46,0.07,0.01,1.18,0.015,0.18,1.85,0.015,2.96,12,15,13,15,32,94,0x2,10,2.5,0x0,0.045,1,3,0x7,0x23,0.3,1,9.2,55.884041,0x2,3.22,1.1,1.6,0.3,0,0,1.3,0.7,0x20,0.072308,0.03,0.9972,0.98,1,0.08,0.08,1.43,1.28,1.024,0.6,43,0.5,1.3,2.1,1.3,0x14,0.2,0.8,0x6,0x1e,3,1,0x1,30,30,0,0,0,0x5,35,0x5,45,0x3,0x3c,0x3c,0x3c,1,0x1,1.2,23,1.58,1.1,1.5,17,19,0x10,0x0,0x0,0x2,0,-2,0x2,0,-7,5,5.3,1,0.2,0x8,6,22,-9,9,-6,6,9,-9,7,-6,0x13,-2,0,0.75,21,0xc,0,-2.1,2,7.4,-0.5,1,7,6,2,2,4.186047,7.5,18,15,3.375,8,13.5,14,0,0.4,0,19,0.08,1,0.05,0.6,0.01,0.3,0x10,1.4,1.8,0x11,0x17,10,6,3,0x3c,0x1,30,0x1,0,0x0,0x1,0x0,0x0,0x0,0x0,0x1,0x0,0x2,1.2,1.8,8.8,0.9,1,2.5,0xe,1.25,0,5.9375,0,0,6.927083,0,5.9375,0x3,0,0,0,9.5,0xc,1,0,0,0,1,1,1,1,1,1,1,1,1,1,1,1,1,1,1,1,1,1,1,1,1,1,1,1,1,1,1,1,1,1,1,1,1,1,1,1,1,1,1,1,1,1,1,1,1,1,1,1,1,1,1,0,6.4,6,0x2,0x3,0x1,0x1,0x1,0x1,0x1,0x0,77,37,40,18,23,10,13,5,0,0,5,17,22,0x1,0x0,0x1,0x1,0x0,0x0,0x1,0x0,0x0,0x1,0x1,0x0,0.01,0xd,-0x1,-0x1,0,5,-1,0,30,150,5,0,1,0.61,1,6.234,13,0x3,0x13,0x0,1,0.45,1,2,0.45,1,2,0.3,0.9,2,0.3,0.9,2,0x5,0x0,0x7,0xb,0x8,0x4,0xa,0x8,0x8,0x9,0xa,0xb,0xc,0xd,0xe,0xf,0,0,0,0,1,1,0,0,0,0
Pac-man,49,0x31,0.1,0.1,1.045,0.2,0.5,0.75,0.045,1.6,0.0998,0.04,1.52,0x5,0.95,0.8,1.3,0.9,34.1,16.477137,34.1,0.07,0.01,1.04,0.015,0.072,1.35,0.015,2.16,12,16,22,16,20,95,0x2,10,2.5,0x0,0.045,1,3,0x7,0x23,0.3,1,8.9,41.382965,0x2,3.115,1.1,1.8,0.5,0,0,1.3,0.7,0x27,0.073077,0.03,0.9918,0.983333,1,0.08,0.08,1.045,1.28,1.024,0.6,37.05,0.5,1.3,2.1,1.3,0x14,0.2,0.8,0x6,0x1e,3,1,0x1,30,30,0,0,0,0x0,35,0x5,45,0x3,0x3c,0x3c,0x3c,1,0x1,1.2,23,1.1,1.1,1.5,12,15,0x10,0x0,0x0,0x2,0,-5,0x2,0,-7,4,3.8,1,0.2,0x8,6,22,-9,9,-6,6,9,-9,7,-6,0x13,-2,0,0.75,18.8,0xc,0,-2.1,2,7.4,0.4,1,7,6,2,2,4.186047,7.5,18,15,3.375,8,13.5,14,0,-0.1,0,19,0.08,1,0.05,0.6,0.01,0.3,0x10,1.4,1.8,0x11,0x17,10,6,3,0x3c,0x1,30,0x1,0,0x0,0x0,0x0,0x0,0x0,0x0,0x1,0x0,0x2,0,1.8,9.2,0.9,1,2.56,0xe,1.28,0,6.22592,0,0,7.263573,0,6.22592,0x3,0,0,0,9.5,0xd,1,0,0,0,1,1,1,1,1,1,1,1,1,1,1,1,1,1,1,1,1,1,1,1,1,1,1,1,1,1,1,1,1,1,1,1,1,1,1,1,1,1,1,1,1,1,1,1,1,1,1,1,1,1,1,0,9,3,0x1,0x3,0x0,0x1,0x1,0x1,0x1,0x0,58,28,1,22,1,14,20,30,42,9,4,16,18,0x1,0x0,0x1,0x0,0x0,0x0,0x1,0x0,0x0,0x1,0x1,0x0,0.9,0xd,0xf,0x15,0,5,-1,0,50,120,7,0,1,1,1,6.234,14,0x3,0x13,0x0,1,2,0.65,0.55,2,0.65,0.55,2,0.6,0.5,2,0.6,0.5,0x2,0x2,0x2,0x2,0x2,0x2,0x2,0x2,0x8,0x9,0xa,0xb,0xc,0xd,0xe,0xf,0,0,0,0,1,1,0,0,0,0
Mega Man,50,0x32,0.1,0.1,1.078,0.2,0.5,0.75,0.06,1.5,0.0998,0.04,1.456,0x4,0.95,0.9,1.2,0.9,32.8,11.492068,32.8,0.1,0.01,1.1,0.05,0.1071,1.8,0.01,2.88,9,19,20,19,24,102,0x2,10,2.5,0x0,0.15,1,3,0x4,0x23,0.3,1,9,39.83392,0x2,3.15,0.95,1.8,1,0,0,1.3,0.7,0x21,0.078462,0.03,1.06312,1.006667,1,0.08,0.08,1.078,1.2,0.96,0.6,36.4,0.5,1.3,2.3,1.3,0x14,0.2,0.7,0x6,0x1e,3,1,0x1,0,0,0,0,0,0x0,35,0x5,45,0x3,0x3c,0x3c,0x3c,1,0x1,1.45,18,0.95,0.95,1.5,13,16,0x10,0x1,0x0,0x2,0,-5,0x2,0,-5,4,6.7,1,0.2,0x0,6.5,22,-9,9.75,-6.5,6.5,9,-9,7.75,-6.5,0x13,0,0,0.75,17.8,0xd,1,0,1,6,0.2,1,7,6,2,2,3.72093,6,16,12,3,6.5,12,13,0.4,0.1,0,14,0.08,1,0.05,0.6,0.01,0.3,0x10,1.4,1.8,0x11,0x17,10,6,3,0x3c,0x1,30,0x1,1,0x0,0x0,0x0,0x0,0x0,0x0,0x1,0x0,0x2,-0.3,0.7,7.7,0.9,1,2.44,0xf,1.22,0,5.65592,0,0,6.598573,0,5.65592,0x3,0,0,0,7,0xc,1,0,0,0,1,1,1,1,1,1,1,1,1,1,1,1,1,1,1,1,1,1,1,1,1,1,1,1,1,1,1,1,1,1,1,1,1,1,1,1,1,1,1,1,1,1,1,1,1,1,1,1,1,1,1,0,8.4,4,0x1,0x1,0x0,0x1,0x1,0x1,0x1,0x0,0,0,30,10,28,9,12,0,0,0,4,14,18,0x0,0x0,0x1,0x0,0x0,0x0,0x1,0x0,0x0,0x0,0x1,0x0,0.85,0x12,0xf,0x15,1,5,-1,0,80,100,7,2,1,0.65,1,6.234,12.468,0x3,0x13,0x0,1,1,0.95,0.4,1,0.95,0.4,1,0.95,0.35,1,0.95,0.35,0x5,0x0,0x4,0x9,0x6,0x4,0x1,0xb,0x8,0x9,0xa,0xb,0xc,0xd,0xe,0xf,0,0,0,0,1,1,0,0,0,0
Mewtwo,51,0x33,0.3,0.1,1.2,0.2,0.5,0.75,0.04,1.4,0,0.1,2.05,0x5,0.9,0.7,1.4,0.7,31.11,17.5,58.543,0.05,0.02,1.25,0.016,0.082,1.5,0.015,2.4,13,14,17,13,18,74,0x2,10,2.5,0x0,0.048,1,4,0x7,0x23,0.3,1,11.3,32.5,0x2,3.955,1.1,1.8,0.5,0,0,1.3,0.7,0x25,0.056923,0.03,0.788,0.913333,1,0.24,0.08,1.2,1.12,0.896,0.6,31.11,0.5,1.3,2.3,1.3,0x14,0.2,0.8,0x6,0x1e,3,1,0x1,24,24,0,0,0,0x4,35,0x5,45,0x3,0x3c,0x3c,0x3c,1,0x1,1.2,23,1.26,1.1,1.5,13,17,0x10,0x0,0x0,0x2,0,-1,0x2,0,-7,5,5.3,1,0.2,0x8,9,22,-9,16,-9,9,9,-9,16,-9,0x13,-2,0,0.75,20.7,0xc,0,-2.1,2,7.4,-0.6,1,7,6,2,2,4.186047,7.5,18,15,3.375,8,13.5,14,0,-0.1,0,19,0.08,1,0.05,0.6,0.01,0.3,0x10,1.4,1.8,0x11,0x17,10,6,3,0x3c,0x1,30,0x1,0,0x0,0x0,0x0,0x0,0x0,0x0,0x1,0x0,0x2,1.5,0.5,11,0.9,1,2.7,0xb,1.35,0,6.9255,0,0,8.07975,0,6.9255,0x3,0,0,0,9.5,0xd,1,0,0,0,1,1,1,1,1,1,1,1,1,1,1,1,1,1,1,1,1,1,1,1,1,1,1,1,1,1,1,1,1,1,1,1,1,1,1,1,1,1,1,1,1,1,1,1,1,1,1,1,1,1,1,0,12.5,4.5,0x1,0x1,0x1,0x1,0x1,0x1,0x1,0x0,0,0,0,0,0,0,0,0,0,0,0,0,0,0x0,0x0,0x1,0x0,0x0,0x0,0x1,0x0,0x0,0x1,0x1,0x0,0.8,0xd,0xf,0x15,1.5,5,-1,0,50,120,7,0,1,1,1,7,14,0x3,0x13,0x0,1,2,0.65,0.55,2,0.65,0.55,2,0.6,0.5,2,0.6,0.5,0x8,0x1,0x5,0x9,0x0,0x2,0x6,0xb,0x8,0x9,0xa,0xb,0xc,0xd,0xe,0xf,0,0,0,0,1,1,0,0,0,0
Ryu,52,0x34,0.1,1,0.75,0.2,0.5,0.75,0.06,1.6,0.0998,0.04,1.6,0x5,0.95,0.8,1.3,0.9,26,15,29.5,0.025,0.01,1.12,0.015,0.12,1.6,0.015,2.24,6,14,12,14,18,103,0x2,10,2.5,0x0,0.045,1,3,0x4,0x23,0.3,1,10.6,44.1,0x2,3.71,0.95,2,0.5,0,0,1.3,0.7,0x24,0.079231,0,1.06,1.01,1,0.08,0.8,0.75,1.28,1.024,0.6,33,0.5,1.3,2.3,1.3,0x14,0.2,0.7,0x6,0x1e,3,1,0x1,24,24,0,0,0,0x0,35,0x5,45,0x3,0x3c,0x3c,0x3c,1,0x1,1.45,21,1.1,0.95,1.5,13,17,0x10,0x0,0x0,0x2,0,0,0x2,0,-5,5,4.2,1,0.2,0x0,9,22,-9,13.5,-9,9,9,-9,11.5,-9,0x13,0,0,0.75,19,0x3,0,-0.8,0,6.5,1,1,7,6,2,2,3.72093,6,16,12,3,6.5,12,13,0.2,0.2,0,17,0.08,1,0.05,0.6,0.01,0.3,0x10,1.4,1.8,0x11,0x17,10,6,3,0x3c,0x1,30,0x1,0,0x0,0x1,0x0,0x0,0x0,0x0,0x1,0x0,0x2,1,1.2,8.9,0.9,1,2.64,0xf,1.32,0,6.62112,0,0,7.72464,0,6.62112,0x3,0,0,0,8.5,0xc,1,0,0,0,1,1,1,1,1,1,1,1,1,1,1,1,1,1,1,1,1,1,1,1,1,1,1,1,1,1,1,1,1,1,1,1,1,1,1,1,1,1,1,1,1,1,1,1,1,1,1,1,1,1,1,0,12.5,1.8,0x1,0x3,0x0,0x1,0x1,0x1,0x1,0x0,0,0,0,0,0,0,9,29,47,67,5,17,22,0x0,0x0,0x0,0x0,0x0,0x0,0x1,0x0,0x0,0x0,0x1,0x0,0.01,0xd,0xf,0x15,0.3,5,-0.5,0,30,150,0,-1.5,1,0.72,1,9,12.47,0x3,0x13,0x0,1,1,1,1,1,1,1,1,1,1,1,1,1,0xa,0xb,0xa,0xb,0x1,0x5,0x2,0x7,0x6,0x9,0xa,0xb,0xc,0xd,0xe,0xf,0,0,0,0,1,1,0,0,0,0
Lucas,53,0x35,0.08,0.1,0.85,0.2,0.5,0.75,0.045,1.3,0.08,0.02,1.5,0x5,1,0.8,1.3,0.8,29.41,13,34.48,0.085,0.01,1.1,0.014,0.09,1.37,0.023,2.192,13,12,15,12,21,94,0x2,10,2.5,0x0,0.042,1,4,0x4,0x23,0.3,1,7.9,39.15,0x2,2.765,0.8,1.8,0.5,0,0,1.3,0.7,0x27,0.072308,0.03,0.974,0.98,1,0.064,0.08,0.85,1.04,0.832,0.6,45.63,0.5,1.3,2.5,1.3,0x19,0.2,0.8,0x6,0x1e,3,1,0x1,30,30,0,0,0,0x0,35,0x5,45,0x5,0x3c,0x3c,0x3c,1,0x1,1.4,17,0.85,0.8,1.5,10,14,0x10,0x0,0x0,0x2,0,0,0x2,0,-3,4,5.3,1,0.5,0x8,6,22,-9,9,-6,6,9,-9,7,-6,0x13,0,0.3,0.75,16,0x12,0,1,1,5.5,0,1,6.2,6,2,2,3.72093,6,16,12,3.5,5.5,14,11,0.13,0.28,0,13,0.08,1,0.05,0.6,0.01,0.3,0x10,1.4,1.8,0x11,0x17,8,6,3,0x3c,0x0,30,0x1,0,0x0,0x1,0x0,0x0,0x0,0x0,0x1,0x0,0x2,1.2,0.5,7.9,0.9,1,2.44,0xe,1.22,0,5.65592,0,0,6.598573,0,5.65592,0x3,0,0,0,6.5,0xd,1,0,0,0,1,1,1,1,1,1,1,1,1,1,1,1,1,1,1,1,1,1,1,1,1,1,1,1,1,1,1,1,1,1,1,1,1,1,1,1,1,1,1,1,1,1,1,1,1,1,1,1,1,1,1,0,8,4,0x1,0x3,0x0,0x1,0x1,0x1,0x1,0x0,32,11,31,13,24,8,21,9,0,0,4,16,18,0x0,0x0,0x0,0x0,0x1,0x0,0x0,0x0,0x1,0x1,0x1,0x1,0.8,0xd,-0x1,-0x1,0,2,-1,0,80,100,0,0,1,0.8,1,6.234,12.47,0x3,0x13,0x0,1,0.4,1.5,0.55,0.5,1.5,0.55,0.6,1.4,0.65,0.6,1.4,0.65,0x2,0x9,0x8,0x0,0xb,0x6,0x4,0x7,0x8,0x9,0xa,0xb,0xc,0xd,0xe,0xf,0,0,0,0,1,1,0,0,0,0
Roy,54,0x36,0.15,0,1.15,0.2,0.5,0.75,0.06,1.4,0.07,0,1.95,0x5,1,0.8,1.2,1,30.97,13,28,0.03,0.02,1.24,0.005,0.114,1.8,0.00375,2.9,11,13,16,14,23,95,0x2,10,3,0x0,0.015,1,4,0x2,0x23,0.3,0.95,11.5,32,0x2,4.025,1.05,1.8,0.5,0,0,1.3,0.7,0x21,0.073077,0.03,0.996,0.983333,1,0.12,0,1.15,1.12,0.896,0.6,28,0.5,1.3,2.4,1.3,0x14,0.2,0.8,0x6,0x1e,3,1,0x1,0,0,0,0,0,0x0,35,0x5,45,0x3,0x3c,0x3c,0x3c,1,0x1,1.25,23,1.1,1.13,1.6,12,17,0x10,0x0,0x0,0x2,0,-7,0x2,0,-5,5,4.5,1,0.5,0x0,8.5,22,-9,12.75,-8.5,8.5,9,-9,10.75,-8.5,0x13,-2,0,0.75,22.7,0xc,-0.5,-2.2,0,7,0.4,1,6,6,2,2,3.488372,6.5,15,13,3.25,7.5,13,15,0.2,0.6,0,19,0.08,1,0.05,0.6,0.01,0.3,0x10,1.4,1.8,0x11,0x17,10,6,3,0x3c,0x1,20,0x1,0.5,0x0,0x1,0x0,0x0,0x0,0x0,0x1,0x0,0x2,0,1.5,10,0.9,1,2.4,0xe,1.2,0,5.472,0,0,6.384,0,5.472,0x3,0,0,0,9.5,0xc,1,0,0,0,1,1,1,1,1,1,1,1,1,1,1,1,1,1,1,1,1,1,1,1,1,1,1,1,1,1,1,1,1,1,1,1,1,1,1,1,1,1,1,1,1,1,1,1,1,1,1,1,1,1,1,0,9,6.5,0x0,0x1,0x0,0x1,0x1,0x1,0x1,0x0,21,49,2,25,2,17,4,12,0,0,6,17,22,0x0,0x0,0x0,0x0,0x0,0x0,0x0,0x0,0x0,0x1,0x1,0x0,0.01,0xd,-0x1,-0x1,1,5,-1,0,30,150,1,-1,0.8,0.25,1,8,16,0x3,0x13,0x0,1,1,1,1,1,1,1,1,1,1,1,1,1,0x5,0x0,0x4,0x8,0x5,0xb,0x8,0x2,0x8,0x9,0xa,0xb,0xc,0xd,0xe,0xf,0,0,0,0,1,1,0,0,0,0
Cloud,55,0x37,0.15,0,1.1,0.2,0.5,0.75,0.055,1.8,0.09,0.01,1.97,0x4,0.95,0.9,1.2,1,32.5,17,32.5,0.06,0.01,1.1,0.009,0.098,1.68,0.009,2.688,15,18,14,15,26,100,0x2,10,2.5,0x0,0.027,1,3,0x4,0x23,0.3,1,10.9,35.679428,0x2,3.815,1.05,1.8,0.5,0,0,1.3,0.7,0x22,0.076923,0.03,1.044,1,1,0.12,0,1.1,1.44,1.152,0.6,36.25,0.5,1.3,2.4,1.3,0x14,0.2,0.8,0x6,0x1e,3,1,0x1,30,30,0,0,0,0x0,35,0x5,45,0x3,0x3c,0x3c,0x3c,1,0x1,1.2,21.5,1.35,1.05,1.5,15,17,0x10,0x0,0x0,0x2,0,0,0x2,0,-5,5,4.8,1,0.2,0x7,8.5,22,-9,12.75,-8.5,8.5,9,-9,10.75,-8.5,0x13,-2,0,0.75,19.5,0x3,1.5,0,1.5,7.8,0.3,1,6,6,2,2,3.953488,7,17,14,3.75,7.5,15,15,0.35,0.25,0,17.5,0.08,1,0.05,0.6,0.01,0.3,0x10,1.4,1.8,0x11,0x17,10,6,3,0x3c,0x1,25,0x2,0,0x0,0x1,0x0,0x0,0x0,0x0,0x1,0x0,0x2,0,1.5,9.3,0.9,1,2.7,0xf,1.35,0,6.9255,0,0,8.07975,0,6.9255,0x3,0,0,0,8.75,0xc,1,0,0,0,1,1,1,1,1,1,1,1,1,1,1,1,1,1,1,1,1,1,1,1,1,1,1,1,1,1,1,1,1,1,1,1,1,1,1,1,1,1,1,1,1,1,1,1,1,1,1,1,1,1,1,0,9.5,3.3,0x1,0x3,0x0,0x1,0x1,0x1,0x1,0x0,57,26,35,10,29,10,0,0,0,0,5,17,22,0x0,0x0,0x1,0x0,0x0,0x0,0x0,0x0,0x0,0x1,0x1,0x0,0.01,0xd,0xf,0x15,1.2,5,-1,0,60,120,3,-1,0.8,0.27,1,7.5,15,0x3,0x13,0x0,1,0.7,0.8,1.5,0.7,0.8,1.5,0.7,0.8,1.5,0.7,0.8,1.5,0xb,0xb,0xb,0xb,0x0,0xb,0xb,0x8,0x8,0x9,0xa,0xb,0xc,0xd,0xe,0xf,0,0,0,0,1,1,0,0,0,0
Bayonetta,56,0x38,0.1,0.1,0.9,0.2,0.5,0.75,0.055,1.7,0.0942,0.04,1.6,0x4,0.95,0.95,1.3,0.9,39,21.354742,42,0.085,0.01,0.97,0.008,0.12,1.77,0.015,2.832,10,14,12,12,28,84,0x2,10,2.5,0x0,0.024,1,3,0x8,0x23,0.3,1.03,10.6,53.641396,0x2,3.71,1,1,0.2,0,0,1.3,0.7,0x21,0.064615,0.03,0.876,0.946667,1,0.08,0.08,0.9,1.36,1.088,0.6,39.5,0.5,1.3,2.3,1.3,0x14,0.2,0.8,0x6,0x1e,3,1,0x1,26,31,31,39,0,0x5,35,0x7,45,0x3,0x3c,0x3c,0x3c,1,0x1,1.25,22.5,0.97,1,1.6,12,16,0x10,0x0,0x0,0x2,0,0,0x2,0,-5,5,5.5,1,0.2,0xf,9.2,22,-9,13.8,-9.2,9.2,9,-9,11.8,-9.2,0x13,-2,0,0.75,20,0xd,0,-1.6,0.5,6.5,0.4,1,7,6,2,2,3.72093,7,16,14,3.25,7.75,13,15.5,0.1,0.3,0,18.5,0.08,1,0.05,0.6,0.01,0.3,0x10,1.4,1.8,0x11,0x17,10,6,3,0x3c,0x0,30,0x0,0.3,0x0,0x0,0x0,0x0,0x0,0x0,0x0,0x0,0x2,-1,1.4,9.1,0.9,1,2.5,0xc,1.25,0,5.9375,0,0,6.927083,0,5.9375,0x3,0,0,0,9.25,0xc,1,0,0,0,1,1,1,1,1,1,1,1,1,1,1,1,1,1,1,1,1,1,1,1,1,1,1,1,1,1,1,1,1,1,1,1,1,1,1,1,1,1,1,1,1,1,1,1,1,1,1,1,1,1,1,0,12,3.2,0x1,0x3,0x1,0x3,0x1,0x1,0x1,0x0,43,11,40,11,35,10,50,8,20,36,4,17,21,0x0,0x0,0x1,0x1,0x0,0x0,0x0,0x0,0x0,0x1,0x1,0x1,0.01,0x12,0xf,0x15,-1.8,1.7,-1,0,60,120,-1,0.5,0.6,0.272,1,8,16,0x3,0x13,0x0,1,0.8,0.8,1.2,0.8,0.8,1.2,0.8,0.8,1.2,0.8,0.8,1.2,0xb,0x2,0x0,0xa,0xb,0x4,0x7,0x5,0x5,0x9,0xa,0xb,0xc,0xd,0xe,0xf,0,0,0,0,1,1,0,0,0,0
Corrin,57,0x39,0.15,0,1.15,0.2,0.5,0.75,0.065,1.8,0.0724,0.01,1.45,0x6,0.95,0.9,1.2,1,33,16,31,0.04,0.01,0.97,0.009,0.092,1.65,0.009,2.64,13,14,14,15,26,98,0x2,10,2.5,0x0,0.027,1,3,0x4,0x23,0.3,0.99,10.6,35.679428,0x2,3.71,1.05,1.8,0.5,0,0,1.3,0.7,0x23,0.075385,0.03,1.026,0.993333,1,0.12,0,1.15,1.44,1.152,0.6,36.5,0.5,1.3,2.4,1.3,0x14,0.2,0.8,0x6,0x1e,3,1,0x1,30,30,0,0,0,0x5,35,0x5,45,0x3,0x3c,0x3c,0x3c,1,0x1,1.2,21,1.05,1.05,1.5,12,16,0x10,0x0,0x0,0x2,0,0,0x2,0,-5,4.5,4.8,1,0.2,0xf,8.8,22,-9,13.2,-8.8,8.8,9,-9,11.2,-8.8,0x13,-2,0,0.75,19.5,0x3,1.5,0,1.5,7.8,-0.2,1,6,6,2,2,3.953488,7,17,14,3.75,7.5,15,15,0.55,0.25,0,17,0.08,1,0.05,0.6,0.01,0.3,0x10,1.4,1.8,0x11,0x17,10,6,3,0x3c,0x1,25,0x1,1,0x0,0x0,0x0,0x0,0x0,0x0,0x1,0x0,0x2,0,1.5,8.4,0.9,1,2.4,0xf,1.2,0,5.472,0,0,6.384,0,5.472,0x3,0,0,0,8.5,0xc,1,0,0,0,1,1,1,1,1,1,1,1,1,1,1,1,1,1,1,1,1,1,1,1,1,1,1,1,1,1,1,1,1,1,1,1,1,1,1,1,1,1,1,1,1,1,1,1,1,1,1,1,1,1,1,0,9.7,3.1,0x1,0x3,0x1,0x1,0x1,0x1,0x1,0x0,47,28,37,14,20,3,8,0,0,0,4,18,22,0x0,0x0,0x0,0x0,0x0,0x0,0x0,0x0,0x0,0x1,0x1,0x0,0.01,0xd,0xf,0x15,0,5,-1,0,60,120,3,-1,0.8,0.27,1,7.5,15,0x3,0x13,0x0,1,1,1,1,1,1,1,1,1,1,1,1,1,0xa,0xa,0x0,0x1,0x5,0x7,0x4,0xb,0x8,0x9,0xa,0xb,0xc,0xd,0xe,0xf,0,0,0,0,1,1,0,0,0,0
Giga Bowser,58,0x3a,0.05,0.05,1.5,0.2,0.5,0.75,0.067,1.9,0.12,0.05,2,0x7,1,0.9,1,0.9,75,11.492068,75,0.025,0.02,1.22,0.008,0.198,2.5,0.0075,4,45,45,45,45,45,400,0x2,10,2.5,0x0,0.024,1,18,0x4,0x23,0.3,0.9,39,39.83392,0x4,13.65,3.2,1.8,0.5,0,0,1.3,0.7,0x16,0.307692,0.03,1.5,2,1,0.04,0.04,1.5,1.52,1.216,0.6,57.5,0.5,0.5,1.6,1.3,0x19,0.2,0.8,0x6,0x1e,3,1,0x1,30,0,0,0,0,0x0,0,0x0,0,0x0,0x3c,0x3c,0x3c,1,0x1,1,49,3.2,3.2,1.5,80,90,0x10,0x0,0x0,0x2,0,-2,0x2,0,0,5,22,0.9,0.2,0xf,27,44,-18,40.5,-27,27,18,-18,38.5,-27,0x13,0,4,0.75,55,0xd,0,-4,9,25,0,1,15,8,2,2,3.72093,6,16,12,3,7.5,12,15,0,0,0,45,0.08,1,0.05,0.6,0.01,0.3,0x10,1.4,1.8,0x11,0x17,10,6,3,0x3c,0x2,20,0x3,1,0x0,0x0,0x0,0x0,0x0,0x0,0x1,0x0,0x2,0,0,27,0,1,10,0x3d,5,0,95,0,0,110.833336,0,95,0x3,0,0,0,22.5,0x3,1,0,0,0,1,1,1,1,1,1,1,1,1,1,1,1,1,1,1,1,1,1,1,1,1,1,1,1,1,1,1,1,1,1,1,1,1,1,1,1,1,1,1,1,1,1,1,1,1,1,1,1,1,1,1,0,0,0,0x1,0x2,0x0,0x1,0x1,0x1,0x1,0x0,73,32,38,14,22,11,32,14,0,0,0,0,0,0x1,0x0,0x0,0x0,0x0,0x0,0x1,0x0,0x1,0x0,0x1,0x1,0.01,0xd,-0x1,-0x1,0,0,-1,0,30,150,100,-3,1,1,1,6.234,12.468,0x3,0x13,0x0,1,1,0.95,0.4,1,0.95,0.4,1,0.95,0.35,1,0.95,0.35,0x2,0x2,0x2,0x2,0x2,0x2,0x2,0x2,0x2,0x2,0x2,0x2,0x2,0x2,0x2,0x2,0,0,0,0,1,1,0,0,0,0
Warioman,59,0x3b,0.07,0.1,1.3,0.2,0.5,0.75,0.06,1.3,0.0998,0.04,3.5,0x6,0.95,0.9,1.3,1,35,24.5,35,0.3,0.04,1.69,0.08,0.1071,2.2,0.006,3.08,8,15,12,19,20,107,0x2,10,2.5,0x0,0.24,1,3,0x4,0x23,0.3,1,9.24,39.83392,0x2,3.234,0.95,1.8,1,0,0,1.3,0.7,0x1b,0.082308,0.03,1.122,1.023333,1,0.056,0.08,1.3,1.04,0.832,0.6,37.5,0.5,1.3,2.3,1.3,0x14,0.2,0.7,0x6,0x1e,3,1,0x1,24,24,0,0,0,0x0,0,0x0,0,0x0,0x3c,0x3c,0x3c,1,0x1,1.45,18,0.95,0.95,1.5,13,17,0x10,0x0,0x0,0x2,0,-2,0x2,0,0,5,6.8,1,0.2,0x0,6.5,22,-9,9.75,-6.5,6.5,9,-9,7.75,-6.5,0x13,0,0,0.75,17,0xd,1,0,1,6,0,1,7,6,2,2,3.72093,6,16,12,3,6.5,12,13,0,0,0,14,0.08,1,0.05,0.6,0.01,0.3,0x10,1.4,1.8,0x11,0x17,10,6,3,0x3c,0x1,30,0x1,1,0x0,0x0,0x0,0x0,0x0,0x0,0x1,0x0,0x2,1,1.2,8.2,0.9,1,2.6,0x10,1.3,0,6.422,0,0,7.492333,0,6.422,0x3,0,0,0,7,0x3,1,0,0,0,1,1,1,1,1,1,1,1,1,1,1,1,1,1,1,1,1,1,1,1,1,1,1,1,1,1,1,1,1,1,1,1,1,1,1,1,1,1,1,1,1,1,1,1,1,1,1,1,1,1,1,0,0,0,0x2,0x2,0x0,0x1,0x1,0x1,0x1,0x0,5,38,0,18,2,13,2,11,0,0,4,15,18,0x1,0x0,0x0,0x0,0x0,0x0,0x1,0x0,0x1,0x0,0x1,0x1,0.01,0xd,-0x1,-0x1,0,0,-1,0,30,150,3,-3,1,0.8,1,6.234,12.468,0x3,0x13,0x0,1,1,0.95,0.4,1,0.95,0.4,1,0.95,0.35,1,0.95,0.35,0x7,0x7,0x7,0x7,0x7,0x7,0x7,0x7,0x7,0x7,0x7,0x7,0x7,0x7,0x7,0x7,0,0,0,0,1,1,0,0,0,0
Giga Mac,60,0x3c,0.15,0.1,1.584,0.2,0.5,0.75,0.07,2.05,0.1618,0.06,2.8,0x5,0.9,0.8,2.1,0.9,40,24.5,40,0.04,0.01,1.7,0.015,0.12,2.2,0.0075,3.52,19,26,31,26,36,140,0x2,10,2.5,0x0,0.045,1,3,0x4,0x23,0.3,1.09,13.4,31.572279,0x3,4.69,1.03,1.4,0.5,0,0,1.3,0.7,0x1b,0.107692,0.03,1.46336,1.133333,1,0.12,0.08,1.584,1.64,1.312,0.6,40,0.5,1.4,3.1,1.3,0x14,0.2,0.8,0x6,0x1e,3,1,0x1,30,30,0,0,0,0x5,45,0x5,0,0x0,0x3c,0x3c,0x3c,1,0x1,1.2,27,1.1,1.03,1.8,12,16,0x10,0x0,0x0,0x2,0,0,0x2,0,0,5,7,2,0.2,0x0,10.5,22,-9,15.75,-10.5,10.5,9,-9,13.75,-10.5,0x13,-1,0,0.75,24,0x3,0,-0.8,0,6.5,0,1,8.5,6,2,2,4.186047,6,18,12,3.625,7.5,14.5,15,0.15,0.5,0,18,0.08,1,0.05,0.6,0.01,0.3,0x10,1.4,1.8,0x11,0x17,10,6,3,0x3c,0x2,30,0x2,1,0x0,0x0,0x0,0x0,0x0,0x0,0x1,0x0,0x2,0.2,0.7,9.5,0.9,1,2.44,0x15,1.22,0,5.65592,0,0,6.598573,0,5.65592,0x3,0,0,0,9,0x3,1,0,0,0,1,1,1,1,1,1,1,1,1,1,1,1,1,1,1,1,1,1,1,1,1,1,1,1,1,1,1,1,1,1,1,1,1,1,1,1,1,1,1,1,1,1,1,1,1,1,1,1,1,1,1,0,0,0,0x1,0x3,0x1,0x1,0x1,0x1,0x1,0x0,0,0,71,30,21,66,4,13,20,29,0,0,0,0x0,0x0,0x0,0x0,0x0,0x0,0x0,0x0,0x0,0x1,0x1,0x0,0.01,0xd,-0x1,-0x1,0,5,-1,0,30,150,0,-3,1,1,1,6.234,12.468,0x3,0x13,0x0,1,1,0.8,0.8,1,0.8,0.8,1,0.8,0.8,1,0.8,0.8,0x4,0x4,0x4,0x4,0x4,0x4,0x4,0x4,0x4,0x4,0x4,0x4,0x4,0x4,0x4,0x4,0,0,0,0,1,1,0,0,0,0
Mega Lucario,61,0x3d,0.2,0.1,1,0.2,0.5,0.75,0.0736,1.8,0.15,0.04,1.4847,0x5,0.68,0.8,1.7,0.85,37.62,18.193617,37.62,0.07,0,1.04,0.005,0.084,1.56,0.005,2.496,9,18,15,22,9,99,0x2,10,2.5,0x0,0.015,1,3,0x6,0x23,0.3,1.05,8.96,45.646511,0x2,3.136,0.9,1.8,1.6,0,0,1.3,0.7,0x24,0.076154,0.03,1.03,0.996667,1,0.16,0.08,1,1.44,1.152,0.6,38.81,0.5,1.4,2.8,1.3,0x14,0.2,0.8,0x6,0x1e,3,1,0x1,30,30,0,0,0,0x0,0,0x0,0,0x0,0x3c,0x3c,0x3c,1,0x1,1.25,19,1,0.9,1.5,12,16,0x10,0x0,0x0,0x2,0,-5,0x2,0,-5,5,6.5,0.7,0.2,0x4,7.5,22,-9,11.25,-7.5,7.5,9,-9,9.25,-7.5,0x13,0,0,0.75,18,0x3,0,1,1.4,6.5,0,1,7,7,2,2,3.953488,6,17,12,3.375,8,13.5,15,0,0,0,15,0.08,1,0.05,0.6,0.01,0.3,0x10,1.4,1.8,0x11,0x17,10,6,3,0x3c,0x1,30,0x0,1,0x0,0x0,0x0,0x0,0x0,0x0,0x1,0x1,0x2,1,1,8,0.9,1,2.4,0xf,1.2,0,5.472,0,0,6.384,0,5.472,0x3,0,0,0,7.5,0x3,1,0,0,0,1,1,1,1,1,1,1,1,1,1,1,1,1,1,1,1,1,1,1,1,1,1,1,1,1,1,1,1,1,1,1,1,1,1,1,1,1,1,1,1,1,1,1,1,1,1,1,1,1,1,1,0,0,0,0x1,0x3,0x0,0x1,0x1,0x1,0x1,0x0,0,0,23,5,31,7,15,27,38,4,4,16,20,0x1,0x0,0x1,0x1,0x0,0x0,0x0,0x0,0x0,0x1,0x1,0x0,0.01,0xd,-0x1,-0x1,0,5,-1,0,30,150,0,1,1,0.35,1,6.234,12.468,0x3,0x13,0x0,1,0.7,0.5,3,0.7,0.5,3,0.65,0.4,3,0.65,0.4,3,0x5,0x5,0x5,0x5,0x5,0x5,0x5,0x5,0x5,0x5,0x5,0x5,0x5,0x5,0x5,0x5,0,0,0,0,1,1,0,0,0,0
Miienemy(Brawler),62,0x3e,0.1,0.1,1.15,0.2,0.5,0.75,0.045,1.6,0.1,0.04,1.72,0x5,0.95,0.8,1.3,0.9,35,17,35.5,0.07,0.01,1.15,0.015,0.09,1.7,0.015,2.72,10,12,12,12,10,100,0x2,10,2.5,0x0,0.05,1,3,0x7,0x23,0.3,1,12.6,44.1,0x2,4.41,1.1,1.8,0.5,0,0,1.3,0.7,0x23,0.076923,0.03,1.046,1,1,0.08,0.08,1.15,1.28,1.024,0.6,37.5,0.5,1.3,2.1,1.3,0x14,0.2,0.8,0x6,0x1e,3,1,0x1,30,0,0,0,0,0x6,30,0x5,0,0x0,0x3c,0x3c,0x3c,1,0x1,1.2,23,1.05,1.1,1.5,11,15,0x10,0x0,0x0,0x2,0,-2,0x2,0,-5,5,4,1,0.2,0xf,10.5,22,-9,15.75,-10.5,10.5,9,-9,13.75,-10.5,0x13,-2,0,0.75,19,0xc,0,-2.1,2,7.4,0,1,7,6,2,2,0,0,0,0,0,0,0,0,0,-0.3,0,19,0.08,1,0.05,0.6,0.01,0.3,0x10,1.4,1.8,0x11,0x17,10,6,3,0x3c,0x1,30,0x1,0,0x0,0x1,0x0,0x0,0x0,0x0,0x1,0x0,0x2,2,0,8.5,0.9,1,2.8,0xf,1.38,0,7.2,0,0,8.4,0,7.2,0x3,0,0,0,9.5,0x3,1,0,0,0,1,1,1,1,1,1,1,1,1,1,1,1,1,1,1,1,1,1,1,1,1,1,1,1,1,1,1,1,1,1,1,1,1,1,1,1,1,1,1,1,1,1,1,1,1,1,1,1,1,1,1,0,0,0,0x1,0x2,0x1,0x1,0x1,0x1,0x1,0x0,45,15,38,18,27,13,18,8,0,0,4,16,20,0x0,0x0,0x1,0x0,0x0,0x0,0x1,0x0,0x0,0x1,0x1,0x0,0.9,0x12,0xf,0x15,0,5,-1,0,30,150,1,-1,1,1,1,6.234,12.468,0x3,0x13,0x0,1,1,1,1,1,1,1,1,1,1,1,1,1,0x0,0x5,0x2,0x4,0x1,0x6,0x8,0xb,0x0,0x5,0x2,0x4,0x1,0x6,0x8,0xb,0,0,0,0,1,1,0,0,0,0
Miienemy(Swordfighter),63,0x3f,0.2,0.1,1.19,0.2,0.5,0.75,0.064,1.3,0.12,0.04,1.5,0x7,0.95,0.8,1.2,1,27.8,14,27.8,0.04,0.01,0.9,0.004,0.096,1.6,0.0038,2.56,15,18,15,20,30,100,0x2,10,2.5,0x0,0.01,1,4,0x4,0x23,0.3,1,10.4,31.06,0x2,3.65,1.05,1.8,0.5,0,0,1.3,0.7,0x24,0.076923,0.03,1.0476,1,1,0.16,0.08,1.19,1.04,0.832,0.6,33.9,0.5,1.3,2.6,1.3,0x14,0.2,0.8,0x6,0x1e,3,1,0x1,35,35,0,0,0,0x0,0,0x0,0,0x0,0x3c,0x3c,0x3c,1,0x1,1.28,21,1.05,1.05,1.5,11,15,0x10,0x0,0x0,0x2,0,-2,0x2,0,-5,5,4,1,0.2,0xf,9.3,22,-9,13.95,-9.3,9.3,9,-9,11.95,-9.3,0x13,-2,0,0.75,19,0xd,-1,-2,1,6.5,0,1,6,6,2,2,0,0,0,0,0,0,0,0,0,0,0,17,0.08,1,0.05,0.6,0.01,0.3,0x10,1.4,1.8,0x11,0x17,10,6,3,0x3c,0x1,20,0x1,0,0x0,0x1,0x0,0x0,0x0,0x0,0x1,0x1,0x2,2,0,8.5,0.86,1,2.8,0xf,1.38,0,7.2,0,0,8.4,0,7.2,0x3,0,0,0,8.5,0x3,1,0,0,0,1,1,1,1,1,1,1,1,1,1,1,1,1,1,1,1,1,1,1,1,1,1,1,1,1,1,1,1,1,1,1,1,1,1,1,1,1,1,1,1,1,1,1,1,1,1,1,1,1,1,1,0,0,0,0x2,0x3,0x0,0x1,0x1,0x1,0x1,0x0,54,22,29,8,20,4,6,19,0,0,4,16,20,0x0,0x0,0x0,0x0,0x0,0x0,0x0,0x0,0x0,0x1,0x1,0x0,0.9,0x12,0xf,0x15,0,5,-1,0,30,150,1,-2,1,1,1,6.234,12.468,0x3,0x13,0x0,1,0.9,1.1,1.8,0.9,1.1,1.8,0.8,1,1.7,0.8,1,1.7,0x0,0x5,0x2,0x4,0x1,0x6,0x8,0xb,0x0,0x5,0x2,0x4,0x1,0x6,0x8,0xb,0,0,0,0,1,1,0,0,0,0
Miienemy(Gunner),64,0x40,0.1,0.1,1.05,0.2,0.5,0.75,0.045,1.6,0.1,0.04,1.35,0x5,0.95,0.8,1.3,0.9,33.5,17.54,33.5,0.07,0.01,1.15,0.015,0.087,1.45,0.015,2.32,12,12,12,12,12,100,0x2,10,2.5,0x0,0.05,1,3,0x7,0x23,0.3,1,12.6,40.67,0x2,4.41,1.1,1.8,0.5,0,0,1.3,0.7,0x26,0.076923,0.03,1.042,1,1,0.08,0.08,1.05,1.28,1.024,0.6,36.75,0.5,1.3,2.1,1.3,0x14,0.2,0.8,0x6,0x1e,3,1,0x1,30,35,0,0,0,0x0,0,0x0,0,0x0,0x3c,0x3c,0x3c,1,0x1,1.2,23,1.05,1.1,1.5,11,15,0x10,0x0,0x0,0x2,0,-2,0x2,0,-5,5,4,1,0.2,0x8,10.5,22,-9,15.75,-10.5,10.5,9,-9,13.75,-10.5,0x13,-2,0,0.75,19,0xc,0,-2.1,2,7.4,0,1,7,6,2,2,0,0,0,0,0,0,0,0,0,0.3,0,19,0.08,1,0.05,0.6,0.01,0.3,0x10,1.4,1.8,0x11,0x17,10,6,3,0x3c,0x1,30,0x1,0.5,0x0,0x1,0x0,0x0,0x0,0x0,0x1,0x0,0x2,2,0,8.5,0.9,1,2.8,0xf,1.38,0,7.2,0,0,8.4,0,7.2,0x3,0,0,0,9.5,0x3,1,0,0,0,1,1,1,1,1,1,1,1,1,1,1,1,1,1,1,1,1,1,1,1,1,1,1,1,1,1,1,1,1,1,1,1,1,1,1,1,1,1,1,1,1,1,1,1,1,1,1,1,1,1,1,0,0,0,0x1,0x3,0x0,0x1,0x1,0x1,0x1,0x0,58,28,38,12,26,7,8,23,0,0,4,16,20,0x0,0x0,0x1,0x0,0x0,0x0,0x0,0x0,0x0,0x1,0x1,0x0,0.9,0x12,0xf,0x15,0,5,-1,0,30,150,1,-2,1,1,1,6.234,12.468,0x3,0x13,0x0,1,1,1.9,1,1,1.4,1,1,1.7,1,1,1.7,1,0x0,0x5,0x2,0x4,0x1,0x6,0x8,0xb,0x0,0x5,0x2,0x4,0x1,0x6,0x8,0xb,0,0,0,0,1,1,0,0,0,0
,,,,,,,,,,,,,,,,,,,,,,,,,,,,,,,,,,,,,,,,,,,,,,,,,,,,,,,,,,,,,,,,,,,,,,,,,,,,,,,,,,,,,,,,,,,,,,,,,,,,,,,,,,,,,,,,,,,,,,,,,,,,,,,,,,,,,,,,,,,,,,,,,,,,,,,,,,,,,,,,,,,,,,,,,,,,,,,,,,,,,,,,,,,,,,,,,,,,,,,,,,,,,,,,,,,,,,,,,,,,,,,,,,,,,,,,,,,,,,,,,,,,,,,,,,,,,,,,,,,,,,,,,,,,,,,,,,,,,,,,,,,,,,,,,,,,,,,,,,,,,,,,,,,,,,,,,,,,,,,,,,,,,,,,,,,,,,,,,,,,,,,,,,,,,,,,,,,
Mii Brawler,0,0x0,0.1,0.1,1.15,0.2,0.5,0.75,0.045,1.6,0.0998,0.04,1.72,0x5,0.95,0.8,1.3,0.9,35,17,35.5,0.058,0.01,1.2,0.015,0.1,1.7,0.015,2.72,10,14,14,14,18,100,0x2,10,2.5,0x0,0.045,1,3,0x7,0x23,0.3,1,9.5,44.10001,0x2,3.325,1.1,1.8,0.5,0,0,1.3,0.7,0x22,0.076923,0.03,1.046,1,1,0.08,0.08,1.15,1.28,1.024,0.6,37.5,0.5,1.3,2.1,1.3,0x14,0.2,0.8,0x6,0x1e,3,1,0x1,30,0,0,0,0,0x6,35,0x5,45,0x3,0x3c,0x3c,0x3c,1,0x1,1.2,23,1.05,1.1,1.5,11,15,0x10,0x0,0x0,0x2,0,-2,0x2,0,-5,5,5.2,1,0.2,0xf,7,22,-9,10.5,-7,7,9,-9,8.5,-7,0x13,-2,0,0.75,19,0xc,0,-2.1,2,7.4,0,1,7,6,2,2,4.186047,7.5,18,15,3.375,8,13.5,14,0.7,0.2,0,19,0.08,1,0.05,0.6,0.01,0.3,0x10,1.4,1.8,0x11,0x17,10,6,3,0x3c,0x1,30,0x1,0,0x0,0x1,0x0,0x0,0x0,0x0,0x1,0x0,0x2,2,0,8.5,0.9,1,2.76,0xf,1.38,0,7.23672,0,0,8.44284,0,7.23672,0x3,0,0,0,9.5,0xc,1,0,0,0,1,1,1,1,1,1,1,1,1,1,1,1,1,1,1,1,1,1,1,1,1,1,1,1,1,1,1,1,1,1,1,1,1,1,1,1,1,1,1,1,1,1,1,1,1,1,1,1,1,1,1,0,9,4,0x1,0x2,0x1,0x1,0x1,0x1,0x1,0x0,45,15,38,18,27,13,18,8,0,0,4,16,20,0x0,0x0,0x1,0x0,0x0,0x0,0x1,0x0,0x0,0x1,0x1,0x0,0.9,0x12,0xf,0x15,0,5,-1,0,30,150,1,-1,1,0.57,1,6.234,12.468,0x3,0x13,0x0,1,1,1,1,1,1,1,1,1,1,1,1,1,0x0,0x5,0x2,0x4,0x1,0x6,0x8,0xb,0x8,0x9,0xa,0xb,0xc,0xd,0xe,0xf,0,0,0,0,1,1,0,0,0,0
Mii Swordfighter,1,0x1,0.2,0.1,1.188,0.2,0.5,0.75,0.064,1.3,0.1197,0.04,1.5,0x7,0.95,0.8,1.2,1,28.3,15,28.3,0.04,0.01,0.96,0.0038,0.096,1.6,0.0038,2.56,15,14,15,16,30,100,0x2,10,2.5,0x0,0.0114,1,4,0x4,0x23,0.3,1,9.5,31.059187,0x2,3.325,1.05,1.8,0.5,0,0,1.3,0.7,0x24,0.076923,0.03,1.04752,1,1,0.16,0.08,1.188,1.04,0.832,0.6,34.150002,0.5,1.3,2.6,1.3,0x14,0.2,0.8,0x6,0x1e,3,1,0x1,35,35,0,0,0,0x0,35,0x5,45,0x3,0x3c,0x3c,0x3c,1,0x1,1.28,21,1.05,1.05,1.5,11,15,0x10,0x0,0x0,0x2,0,-2,0x2,0,-5,5,5.2,1,0.2,0xf,7,22,-9,10.5,-7,7,9,-9,8.5,-7,0x13,-2,0,0.75,19,0xd,-1,-2,1,6.5,0,1,7,6,2,2,4.186047,6.5,18,13,3.625,7.5,14.5,15,0.3,0.1,0,17,0.08,1,0.05,0.6,0.01,0.3,0x10,1.4,1.8,0x11,0x17,10,6,3,0x3c,0x1,20,0x1,0,0x0,0x1,0x0,0x0,0x0,0x0,0x1,0x1,0x2,2,0,8.5,0.860781,1,2.76,0xf,1.38,0,7.23672,0,0,8.44284,0,7.23672,0x3,0,0,0,8.5,0xc,1,0,0,0,1,1,1,1,1,1,1,1,1,1,1,1,1,1,1,1,1,1,1,1,1,1,1,1,1,1,1,1,1,1,1,1,1,1,1,1,1,1,1,1,1,1,1,1,1,1,1,1,1,1,1,0,10,4,0x2,0x3,0x0,0x1,0x1,0x1,0x1,0x0,54,22,29,8,20,4,6,19,0,0,4,16,20,0x0,0x0,0x0,0x0,0x0,0x0,0x0,0x0,0x0,0x1,0x1,0x0,0.9,0x12,0xf,0x15,0,5,-1,0,30,150,1,-2,1,0.57,1,6.234,12.468,0x3,0x13,0x0,1,0.9,1.1,1.8,0.9,1.1,1.8,0.8,1,1.7,0.8,1,1.7,0x0,0x5,0x2,0x4,0x1,0x6,0x8,0xb,0x8,0x9,0xa,0xb,0xc,0xd,0xe,0xf,0,0,0,0,1,1,0,0,0,0
Mii Gunner,2,0x2,0.1,0.1,1.05,0.2,0.5,0.75,0.045,1.6,0.0998,0.04,1.3,0x6,0.95,0.8,1.3,0.9,32,17.539339,33.500343,0.07,0.01,1.05,0.01,0.08715,1.45,0.015,2.32,18,12,18,22,28,100,0x2,10,2.5,0x0,0.03,1,3,0x7,0x23,0.3,1,9.5,40.668427,0x2,3.325,1.1,1.8,0.5,0,0,1.3,0.7,0x26,0.076923,0.03,1.042,1,1,0.08,0.08,1.05,1.28,1.024,0.6,36,0.5,1.3,2.1,1.3,0x14,0.2,0.8,0x6,0x1e,3,1,0x1,30,35,0,0,0,0x0,35,0x5,45,0x3,0x3c,0x3c,0x3c,1,0x1,1.2,23,1.05,1.1,1.5,11,15,0x10,0x0,0x0,0x2,0,-2,0x2,0,-5,5,5.2,1,0.2,0x8,7,22,-9,10.5,-7,7,9,-9,8.5,-7,0x13,-2,0,0.75,19,0xc,0,-2.1,2,7.4,0,1,7,6,2,2,4.186047,7.5,18,15,3.375,8,13.5,14,0,0.3,0,19,0.08,1,0.05,0.6,0.01,0.3,0x10,1.4,1.8,0x11,0x17,10,6,3,0x3c,0x1,30,0x1,0.5,0x0,0x1,0x0,0x0,0x0,0x0,0x1,0x0,0x2,2,0,8.5,0.9,1,2.76,0xf,1.38,0,7.23672,0,0,8.44284,0,7.23672,0x3,0,0,0,9.5,0xc,1,0,0,0,1,1,1,1,1,1,1,1,1,1,1,1,1,1,1,1,1,1,1,1,1,1,1,1,1,1,1,1,1,1,1,1,1,1,1,1,1,1,1,1,1,1,1,1,1,1,1,1,1,1,1,0,10,4,0x1,0x3,0x0,0x1,0x1,0x1,0x1,0x0,58,28,38,12,26,7,8,23,0,0,4,16,20,0x0,0x0,0x1,0x0,0x0,0x0,0x0,0x0,0x0,0x1,0x1,0x0,0.9,0x12,0xf,0x15,0,5,-1,0,30,150,1,-2,1,0.57,1,6.234,12.468,0x3,0x13,0x0,1,1,1.9,1,1,1.4,1,1,1.7,1,1,1.7,1,0x0,0x5,0x2,0x4,0x1,0x6,0x8,0xb,0x8,0x9,0xa,0xb,0xc,0xd,0xe,0xf,0,0,0,0,1,1,0,0,0,0
,,,,,,,,,,,,,,,,,,,,,,,,,,,,,,,,,,,,,,,,,,,,,,,,,,,,,,,,,,,,,,,,,,,,,,,,,,,,,,,,,,,,,,,,,,,,,,,,,,,,,,,,,,,,,,,,,,,,,,,,,,,,,,,,,,,,,,,,,,,,,,,,,,,,,,,,,,,,,,,,,,,,,,,,,,,,,,,,,,,,,,,,,,,,,,,,,,,,,,,,,,,,,,,,,,,,,,,,,,,,,,,,,,,,,,,,,,,,,,,,,,,,,,,,,,,,,,,,,,,,,,,,,,,,,,,,,,,,,,,,,,,,,,,,,,,,,,,,,,,,,,,,,,,,,,,,,,,,,,,,,,,,,,,,,,,,,,,,,,,,,,,,,,,,,,,,,,,
Fattest Miis multiplier,"fighter_param_etc
Group 27",,1,0.95,0.95,,,,1.2,0.95,1,0.95,0.95,1,0.97,0.97,0.97,0.97,0.95,0.95,0.95,1,0.95,0.95,0.95,1,1,1,1,1.055,1.055,1.055,1.055,1.055,1.02,,,,,1,,1.055,1,,,,1,1,,1,1,1,1,,,,,1,1.02,1.02,1.02,1,1,0.95,0.95,0.95,0.95,0.95,0.97,,0.97,0.97,0.95,,,,,,,,,,,,,,,,,,,,,,,,,1,1,1,1,1,1,1,,,,,,,,,,,1,1,,,,,,1,1,,,,1,1,,,,,1,,,,,,,,,,,,,,,,,,,,,,,,,,,,,,,,,,,,,,,,,,,,,,,,,,,,,,1,,,1,1,1,,,,,,,1,,,,,1,,,,,,,,,,,,,,,,1.03,1.03,1.03,1.03,1.03,1.03,1.03,1,1.03,1.03,1.03,1.03,1,,,,,,1,1,,,,,,1,1.03,,,,,,,,,,,,,,,,,,,,,,,,,,,,,,,,,,,,,,,,,,,,,,,,,,,,,,,,,,,,,1,1,,1,1,,,,,,,,,,,,,,,,,,,,,,,,,,,,,,,,,,,,,,,,,,,,
Skinniest Miis multiplier,,,1,1.08,1.09,,,,0.9,1.09,1,1.09,1.09,1,1.02,1.02,1.02,1.02,1.04,1.04,1.04,1,1.05,1.05,1.05,1,1,1,1,0.97,0.97,0.97,0.97,0.97,0.97,,,,,1,,0.97,1,,,,1,1,,1,1,1,1,,,,,1,0.98,0.98,0.98,1,1,1.09,1.09,1.09,1.09,1.09,1.05,,1.05,1.05,1.05,,,,,,,,,,,,,,,,,,,,,,,,,1,1,1,1,1,1,1,,,,,,,,,,,1,1,,,,,,1,1,,,,1,1,,,,,1,,,,,,,,,,,,,,,,,,,,,,,,,,,,,,,,,,,,,,,,,,,,,,,,,,,,,,1,,,1,1,1,,,,,,,1,,,,,1,,,,,,,,,,,,,,,,0.97,0.97,0.97,0.97,0.97,0.97,0.97,1,0.97,0.97,0.97,0.97,1,,,,,,1,1,,,,,,1,0.97,,,,,,,,,,,,,,,,,,,,,,,,,,,,,,,,,,,,,,,,,,,,,,,,,,,,,,,,,,,,,1,1,,1,1,,,,,,,,,,,,,,,,,,,,,,,,,,,,,,,,,,,,,,,,,,,,
Tallest Miis multiplier,,,1,0.86,0.86,,,,1,0.86,1,0.86,0.86,1,0.88,0.88,0.88,0.88,0.89,0.89,0.89,1,0.89,0.89,0.89,1,1,1,1,1.17,1.17,1.17,1.17,1.17,1,,,,,1,,1.17,1,,,,1.1,1,,1,1,1,1,,,,,1,1.02,1.02,1.02,1,1,0.86,0.86,0.86,0.86,0.86,0.89,,0.89,0.89,0.86,,,,,,,,,,,,,,,,,,,,,,,,,1,1,1,1,1,1,1,,,,,,,,,,,1,1,,,,,,1,1,,,,1,1,,,,,1,,,,,,,,,,,,,,,,,,,,,,,,,,,,,,,,,,,,,,,,,,,,,,,,,,,,,,1,,,1,1,1,,,,,,,1,,,,,1,,,,,,,,,,,,,,,,1.01,1.01,1.01,1.01,1.01,1.01,1.01,1,1.01,1.01,1.01,1.01,1,,,,,,1,1,,,,,,1,1.01,,,,,,,,,,,,,,,,,,,,,,,,,,,,,,,,,,,,,,,,,,,,,,,,,,,,,,,,,,,,,1,1,,1,1,,,,,,,,,,,,,,,,,,,,,,,,,,,,,,,,,,,,,,,,,,,,
Shortest Miis multiplier,,,1,1.12,1.12,,,,1,1.12,1,1.12,1.12,1,1.06,1.06,1.06,1.06,1.14,1.14,1.14,1,1.12,1.12,1.12,1,1,1,1,0.82,0.82,0.82,0.82,0.82,1,,,,,1,,0.82,1,,,,0.9,1,,1,1,1,1,,,,,1,0.98,0.98,0.98,1,1,1.12,1.12,1.12,1.12,1.12,1.04,,1.04,1.04,1.04,,,,,,,,,,,,,,,,,,,,,,,,,1,1,1,1,1,1,1,,,,,,,,,,,1,1,,,,,,1,1,,,,1,1,,,,,1,,,,,,,,,,,,,,,,,,,,,,,,,,,,,,,,,,,,,,,,,,,,,,,,,,,,,,1,,,1,1,1,,,,,,,1,,,,,1,,,,,,,,,,,,,,,,0.99,0.99,0.99,0.99,0.99,0.99,0.99,1,0.99,0.99,0.99,0.99,1,,,,,,1,1,,,,,,1.04,0.99,,,,,,,,,,,,,,,,,,,,,,,,,,,,,,,,,,,,,,,,,,,,,,,,,,,,,,,,,,,,,1,1,,1,1,,,,,,,,,,,,,,,,,,,,,,,,,,,,,,,,,,,,,,,,,,,,